Seq#,ID#,Gender,M,R,F,FirstPurch,ChildBks,YouthBks,CookBks,DoltYBks,RefBks,ArtBks,GeogBks,ItalCook,ItalHAtlas,ItalArt,Florence
1,2,0,138,28,3,40,0,1,0,1,0,0,1,0,0,0,0
2,30,1,240,14,1,14,1,0,0,0,0,0,0,0,0,0,0
3,59,1,97,6,2,10,0,0,0,0,0,0,0,0,0,0,0
4,89,1,348,2,7,38,1,1,1,0,1,0,1,0,0,0,0
5,96,0,239,20,2,28,0,0,1,0,0,0,1,0,0,0,0
6,120,1,253,10,4,20,1,0,0,0,0,1,0,0,0,0,1
7,128,1,118,16,1,16,0,1,0,0,0,0,0,0,0,0,0
8,131,1,326,14,2,22,0,1,0,0,1,0,0,0,0,0,0
9,139,1,249,12,3,20,1,0,0,1,0,0,0,0,0,0,0
10,177,1,294,10,12,58,4,1,4,0,0,0,2,0,0,0,0
11,181,1,301,2,2,4,0,0,0,0,0,0,0,0,0,0,0
12,188,1,219,32,2,40,0,0,1,0,0,0,1,0,0,0,0
13,231,0,227,30,2,34,1,0,0,0,0,1,0,0,0,0,1
14,245,1,328,26,12,62,2,3,0,2,3,2,0,0,2,2,0
15,289,1,54,14,3,22,1,1,1,0,0,0,0,0,0,0,0
16,320,1,196,2,12,26,1,1,2,0,0,0,2,0,0,0,0
17,335,1,88,10,2,16,0,0,1,0,0,0,0,0,0,0,0
18,342,0,109,8,4,18,0,0,2,0,0,0,0,0,0,0,0
19,355,0,257,14,12,76,2,1,3,1,2,2,1,0,0,0,0
20,381,1,207,4,7,22,1,1,1,0,0,1,0,0,0,0,1
21,396,1,265,16,1,16,0,1,0,0,0,0,0,0,0,0,0
22,408,1,69,14,2,18,1,0,0,0,0,0,0,0,0,0,0
23,478,1,310,12,1,12,0,0,0,0,0,0,0,0,0,0,0
24,486,1,284,16,2,20,0,0,1,0,0,0,1,0,0,0,0
25,496,1,70,14,2,18,0,0,1,0,0,0,0,0,0,0,0
26,530,1,169,14,11,40,0,3,3,2,0,2,1,0,0,0,0
27,536,0,174,16,9,56,2,0,2,3,1,0,1,1,0,0,0
28,546,1,41,8,1,8,0,0,0,0,0,0,0,0,0,0,1
29,566,0,431,28,12,68,3,0,3,0,2,1,3,1,1,1,0
30,583,1,104,8,2,16,0,0,1,0,0,0,0,0,0,0,0
31,601,1,237,30,3,44,1,1,0,0,0,0,1,0,0,0,0
32,627,1,232,8,1,8,0,0,0,0,0,0,0,0,0,0,0
33,684,1,134,12,6,34,0,0,1,1,0,1,0,0,0,1,0
34,686,0,151,14,6,32,0,0,3,2,0,0,1,1,0,0,0
35,691,1,62,8,1,8,0,0,0,0,0,0,0,0,0,0,0
36,726,1,444,36,12,62,3,3,2,0,1,1,2,2,0,0,0
37,790,1,239,8,7,30,0,0,2,0,0,0,0,1,0,0,0
38,804,1,273,12,3,24,0,0,0,2,0,0,0,0,0,0,0
39,816,1,278,12,2,18,0,0,1,0,0,0,0,0,0,0,0
40,825,1,169,6,2,8,0,0,0,0,0,0,0,0,0,0,0
41,857,0,389,12,10,62,3,0,2,1,1,0,2,0,0,0,0
42,870,1,365,2,6,26,0,0,0,2,0,0,0,0,0,0,0
43,881,0,347,16,8,42,3,0,2,2,0,1,0,0,0,0,0
44,887,1,375,8,8,52,2,1,0,1,1,1,0,0,0,0,0
45,897,1,123,16,1,16,0,0,0,0,0,1,0,0,0,0,0
46,920,1,107,2,2,8,0,0,0,0,0,0,0,0,0,0,0
47,933,0,61,14,2,22,1,0,1,0,0,0,0,0,0,0,0
48,956,1,177,10,2,18,1,0,0,0,0,0,0,0,0,0,0
49,960,0,452,10,11,42,1,1,1,2,1,1,1,1,0,0,0
50,1033,1,97,4,2,6,0,0,0,0,0,0,0,0,0,0,0
51,1039,1,280,10,7,32,1,0,1,1,0,1,0,0,0,0,0
52,1071,1,231,4,1,4,0,0,0,0,0,0,0,0,0,0,0
53,1072,1,230,16,12,84,4,0,4,1,1,1,1,2,1,1,0
54,1074,1,293,2,2,8,0,0,0,0,0,0,0,0,0,0,0
55,1094,1,297,14,10,72,3,0,4,0,0,1,2,0,0,0,0
56,1106,1,143,4,6,38,2,0,1,1,0,1,0,0,0,0,0
57,1110,1,215,16,6,34,1,0,1,1,0,2,1,0,0,0,0
58,1125,1,209,4,1,4,0,0,0,0,0,0,0,0,0,0,0
59,1134,1,353,8,9,38,0,1,2,4,0,0,1,0,0,0,0
60,1308,1,31,8,2,12,0,0,0,0,0,0,0,0,0,0,0
61,1326,0,232,12,1,12,0,0,0,0,0,0,0,0,0,0,0
62,1398,0,392,4,10,38,3,0,1,0,1,2,0,0,0,0,1
63,1412,0,207,16,1,16,1,0,0,0,0,0,0,0,0,0,0
64,1432,1,176,8,11,64,2,0,2,0,0,2,4,1,0,1,1
65,1454,1,244,10,2,14,1,0,0,0,0,0,0,0,0,0,0
66,1461,1,248,8,2,10,0,0,0,0,0,0,0,0,0,0,0
67,1511,1,186,6,1,6,0,0,0,0,0,0,0,0,0,0,0
68,1523,1,260,22,1,22,0,0,1,0,0,0,0,0,0,0,0
69,1566,1,238,10,7,24,1,1,0,0,0,1,2,0,0,0,0
70,1569,1,249,12,1,12,0,0,0,0,0,0,0,0,0,0,0
71,1581,1,219,10,7,34,1,0,1,0,0,1,2,1,0,1,1
72,1584,0,88,14,2,22,0,0,1,1,0,0,0,0,0,0,0
73,1586,1,286,14,1,14,1,0,0,0,0,0,0,0,0,0,0
74,1607,1,396,16,12,62,5,0,2,3,0,0,2,1,0,0,0
75,1609,0,196,12,2,16,1,0,0,0,0,0,0,0,0,0,0
76,1612,1,126,6,2,8,0,0,0,0,0,0,0,0,0,0,0
77,1681,0,217,16,1,16,0,0,0,1,0,0,0,0,0,0,0
78,1688,0,246,8,2,16,0,0,1,0,0,0,0,0,0,0,0
79,1744,1,230,22,2,26,1,0,0,0,0,0,1,0,0,0,0
80,1809,1,311,24,1,24,0,0,1,0,0,0,0,0,0,0,0
81,1827,1,163,18,4,28,0,0,1,0,2,0,1,0,0,0,0
82,1866,1,165,14,1,14,0,1,0,0,0,0,0,0,0,0,0
83,1876,1,304,6,1,6,0,0,0,0,0,0,0,0,0,0,1
84,1877,1,173,16,8,56,1,1,2,1,3,0,0,0,0,0,0
85,1901,0,388,14,10,54,4,1,2,0,0,0,3,0,0,0,0
86,1972,1,137,16,2,18,1,0,0,0,0,0,1,0,0,0,0
87,2009,1,139,4,2,12,0,0,0,0,0,0,0,0,0,0,0
88,2012,0,307,36,2,44,0,0,0,0,1,0,1,0,0,0,0
89,2015,0,248,14,1,14,0,0,0,0,0,0,0,0,0,0,0
90,2033,0,221,14,1,14,1,0,0,0,0,0,0,0,0,0,0
91,2037,1,247,12,2,18,0,0,0,1,0,0,0,0,0,0,0
92,2078,1,216,14,1,14,0,0,0,1,0,0,0,0,0,0,0
93,2095,0,257,26,1,26,0,0,0,0,0,1,0,0,0,0,0
94,2120,1,240,16,8,52,1,0,4,1,0,0,2,0,0,0,0
95,2152,1,328,20,8,58,1,2,1,2,1,0,1,0,0,0,0
96,2190,1,162,8,5,32,1,1,0,0,0,0,0,0,0,0,0
97,2209,0,192,34,2,40,1,1,0,0,0,0,0,0,0,0,0
98,2259,0,238,30,5,44,1,0,2,0,0,0,2,1,0,0,0
99,2303,1,307,16,10,40,1,1,5,2,0,0,1,0,0,0,0
100,2307,1,286,18,8,40,2,0,3,1,0,0,2,0,0,0,0
101,2314,1,301,10,11,62,1,1,2,1,2,0,2,1,0,0,0
102,2329,1,35,18,1,18,1,0,0,0,0,0,0,0,0,0,0
103,2335,1,144,16,1,16,0,0,0,0,0,0,1,0,0,0,0
104,2343,0,193,10,2,18,0,0,1,0,0,0,0,0,0,0,1
105,2347,1,307,2,5,20,0,1,0,1,0,0,0,0,0,0,0
106,2366,1,35,16,2,20,0,0,1,1,0,0,0,0,0,0,0
107,2379,0,351,14,10,46,1,1,2,2,1,2,1,1,1,1,0
108,2412,1,319,12,2,16,0,0,1,0,0,0,0,0,0,0,0
109,2419,1,87,6,2,14,0,1,0,0,0,0,0,0,0,0,0
110,2422,1,81,2,1,2,0,0,0,0,0,0,0,0,0,0,0
111,2441,0,405,6,12,70,4,0,0,2,0,1,2,0,0,0,1
112,2454,0,91,16,5,42,0,0,2,2,1,0,0,0,0,0,0
113,2459,1,184,12,1,12,0,0,0,0,0,0,0,0,0,0,0
114,2476,1,124,6,2,10,0,0,0,0,0,0,0,0,0,0,0
115,2500,1,170,2,3,18,0,1,0,0,0,0,1,0,0,0,0
116,2515,0,99,14,2,16,1,0,1,0,0,0,0,0,0,0,0
117,2518,1,275,16,6,38,4,1,0,1,0,0,0,0,0,0,0
118,2531,1,69,12,1,12,0,0,0,0,0,0,0,0,0,0,0
119,2552,1,162,10,2,18,0,0,0,0,1,0,0,0,0,0,0
120,2559,1,229,16,1,16,0,0,0,0,0,0,1,0,0,0,1
121,2574,1,204,32,4,44,0,0,1,1,0,1,1,1,0,1,0
122,2576,1,161,10,1,10,0,0,0,0,0,0,0,0,0,0,0
123,2582,1,279,10,2,16,1,0,0,0,0,0,0,0,0,0,0
124,2608,1,189,18,3,32,0,1,0,0,1,1,0,0,1,0,0
125,2685,1,214,6,1,6,0,0,0,0,0,0,0,0,0,0,0
126,2708,1,165,12,8,32,1,2,1,1,0,1,0,1,0,1,1
127,2721,1,219,12,6,34,2,1,0,0,0,1,1,0,0,0,0
128,2729,1,222,34,9,54,1,0,4,2,1,0,1,0,0,0,0
129,2732,1,200,16,2,18,0,0,0,0,1,1,0,0,0,0,0
130,2778,1,121,12,1,12,0,0,0,0,0,0,0,0,0,0,0
131,2794,1,281,30,1,30,0,0,0,0,0,1,0,0,0,0,0
132,2832,1,114,2,7,18,0,1,1,0,1,0,0,0,0,0,1
133,2833,1,58,10,2,16,0,0,1,0,0,0,0,0,0,0,0
134,2886,1,134,6,2,14,0,1,0,0,0,0,0,0,0,0,0
135,2888,1,124,14,1,14,0,0,1,0,0,0,0,0,0,0,0
136,2923,1,218,4,2,8,0,0,0,0,0,0,0,0,0,0,0
137,2955,1,237,12,1,12,0,0,0,0,0,0,0,0,0,0,0
138,2971,1,228,26,2,28,0,0,0,0,1,0,1,0,0,0,0
139,3003,1,238,16,4,32,0,0,2,1,0,1,0,1,0,1,0
140,3020,0,265,4,2,8,0,0,0,0,0,0,0,0,0,0,1
141,3111,0,118,14,2,22,1,0,0,1,0,0,0,0,0,0,0
142,3128,1,267,16,1,16,1,0,0,0,0,0,0,0,0,0,0
143,3132,0,200,16,2,18,2,0,0,0,0,0,0,0,0,0,1
144,3182,1,272,4,12,30,4,0,0,1,0,0,2,0,0,0,0
145,3198,1,154,6,2,14,0,0,1,0,0,0,0,0,0,0,0
146,3213,1,287,30,1,30,0,0,0,0,0,0,1,0,0,0,0
147,3216,1,216,14,9,66,1,1,3,1,0,1,2,0,0,0,0
148,3247,0,69,12,2,18,0,0,1,0,0,0,0,0,0,0,0
149,3273,1,43,16,1,16,0,0,0,0,1,0,0,0,0,0,0
150,3300,0,55,14,1,14,0,0,1,0,0,0,0,0,0,0,0
151,3379,1,237,16,1,16,0,0,0,1,0,0,0,0,0,0,0
152,3385,1,195,6,1,6,0,0,0,0,0,0,0,0,0,0,0
153,3410,0,320,10,2,14,1,0,0,0,0,0,0,0,0,0,0
154,3425,0,31,4,1,4,0,0,0,0,0,0,0,0,0,0,0
155,3429,1,94,10,6,30,2,0,0,0,0,1,1,0,0,0,0
156,3432,1,94,8,2,12,0,0,0,0,0,0,0,0,0,0,0
157,3443,1,181,12,4,28,1,0,2,0,0,0,0,0,0,0,0
158,3467,1,265,16,2,24,1,0,1,0,0,0,0,1,0,0,0
159,3558,1,222,28,9,60,2,1,3,0,2,0,1,0,0,0,0
160,3611,1,205,14,12,56,1,0,4,1,0,5,1,0,0,0,0
161,3637,1,371,10,10,52,3,2,1,1,1,0,0,0,0,0,0
162,3638,1,125,18,1,18,0,0,1,0,0,0,0,0,0,0,0
163,3639,1,216,16,2,24,0,0,0,0,0,1,1,0,0,0,0
164,3764,1,272,12,1,12,0,0,0,0,0,0,0,0,0,0,1
165,3768,1,325,4,2,10,0,0,0,0,0,0,0,0,0,0,0
166,3869,1,191,4,2,10,0,0,0,0,0,0,0,0,0,0,0
167,3879,1,216,10,1,10,0,0,0,0,0,0,0,0,0,0,1
168,3923,0,349,12,6,40,0,0,2,1,1,1,0,0,0,0,0
169,3997,0,214,10,2,12,0,0,0,0,0,0,0,0,0,0,0
170,4019,0,161,2,5,18,1,0,0,0,0,0,0,0,0,0,0
171,4032,1,106,14,1,14,0,0,0,1,0,0,0,0,0,0,0
172,4056,1,88,30,2,38,0,1,0,0,0,1,0,0,0,0,0
173,4057,1,375,22,9,48,3,0,2,0,1,2,1,0,0,0,0
174,4065,1,192,12,1,12,0,0,0,0,0,0,0,0,0,0,1
175,4095,1,261,4,10,58,1,1,3,1,3,0,0,0,0,0,0
176,4116,1,334,22,4,36,2,0,2,0,0,0,0,0,0,0,0
177,4142,1,81,22,2,26,0,0,1,0,0,1,0,0,0,0,0
178,4179,1,126,10,2,16,1,0,0,0,0,0,0,0,0,0,0
179,4195,1,178,8,1,8,0,0,0,0,0,0,0,0,0,0,0
180,4232,1,177,34,2,38,1,1,0,0,0,0,0,0,0,0,0
181,4243,1,86,6,2,10,0,0,0,0,0,0,0,0,0,0,0
182,4245,1,376,10,10,54,1,2,3,1,2,0,0,0,0,0,0
183,4247,1,111,8,1,8,0,0,0,0,0,0,0,0,0,0,0
184,4276,1,266,6,2,14,0,0,0,1,0,0,0,0,0,0,1
185,4279,1,196,14,2,22,0,0,0,2,0,0,0,0,0,0,0
186,4291,1,376,12,9,34,2,1,1,2,1,1,0,1,1,1,0
187,4342,1,222,14,9,50,2,1,1,1,0,4,0,0,0,0,1
188,4355,0,248,28,2,30,0,1,0,0,0,1,0,0,0,0,0
189,4372,1,200,10,1,10,0,0,0,0,0,0,0,0,0,0,0
190,4389,1,285,2,1,2,0,0,0,0,0,0,0,0,0,0,0
191,4390,0,303,12,2,16,1,0,0,0,0,0,0,0,0,0,0
192,4412,0,132,18,2,20,0,0,1,0,0,0,1,0,0,0,0
193,4438,0,323,12,2,20,1,0,0,0,0,0,0,0,0,0,0
194,4456,1,133,16,5,40,1,1,2,0,0,1,0,0,0,0,0
195,4480,1,265,8,2,10,0,0,0,0,0,0,0,0,0,0,0
196,4544,0,145,4,1,4,0,0,0,0,0,0,0,0,0,0,1
197,4626,0,62,30,1,30,0,0,0,0,0,0,1,0,0,0,0
198,4684,0,78,10,5,24,1,0,1,1,0,0,0,0,0,0,0
199,4685,1,188,8,7,34,2,0,1,1,0,0,0,0,0,0,0
200,4742,0,40,12,2,18,0,0,1,0,0,0,0,0,0,0,0
201,4757,1,171,6,10,44,1,1,1,1,2,0,1,0,0,0,0
202,4887,1,310,12,8,46,1,0,2,0,1,2,1,0,0,0,0
203,4893,1,114,10,1,10,0,0,0,0,0,0,0,0,0,0,0
204,4905,1,102,28,2,30,0,1,1,0,0,0,0,1,0,0,0
205,4927,1,259,8,5,20,0,0,0,1,0,0,2,0,0,0,0
206,4934,0,302,4,8,32,3,0,0,1,0,0,1,0,0,0,0
207,4938,0,211,28,5,48,1,1,0,1,1,0,1,0,1,0,0
208,4958,0,417,14,11,70,1,1,3,0,2,3,1,0,0,0,1
209,4977,0,155,16,4,26,2,0,1,1,0,0,0,0,0,0,0
210,5002,1,112,18,2,24,1,0,0,0,0,0,1,0,0,0,0
211,5003,0,158,8,1,8,0,0,0,0,0,0,0,0,0,0,0
212,5084,1,35,14,1,14,0,0,1,0,0,0,0,0,0,0,0
213,5091,0,106,16,1,16,0,0,0,1,0,0,0,0,0,0,0
214,5108,1,58,4,1,4,0,0,0,0,0,0,0,0,0,0,0
215,5138,0,46,22,2,28,0,0,1,0,0,0,1,0,0,0,0
216,5143,0,238,14,7,28,2,1,0,2,1,1,0,0,0,0,0
217,5154,1,315,14,5,34,3,0,1,0,0,0,1,0,0,0,0
218,5175,0,216,22,1,22,0,0,0,0,0,1,0,0,0,0,0
219,5190,1,106,4,1,4,0,0,0,0,0,0,0,0,0,0,0
220,5227,1,66,2,1,2,0,0,0,0,0,0,0,0,0,0,0
221,5232,1,233,8,12,36,2,1,1,1,1,0,0,0,0,0,0
222,5274,1,81,30,2,32,1,0,0,0,0,0,1,0,0,0,0
223,5284,1,56,14,1,14,0,0,0,0,0,0,0,0,0,0,0
224,5289,1,192,30,2,36,0,0,2,0,0,0,0,0,0,0,0
225,5307,1,147,14,7,44,1,0,3,0,2,0,1,0,0,0,0
226,5353,1,228,28,8,66,3,0,0,1,2,0,2,0,0,0,0
227,5354,1,159,16,2,20,1,0,0,0,0,0,1,0,0,0,0
228,5367,1,143,14,1,14,0,0,0,1,0,0,0,0,0,0,0
229,5467,1,342,26,10,82,4,1,1,1,0,1,2,0,0,0,0
230,5478,1,291,36,1,36,0,0,1,0,0,0,0,0,0,0,0
231,5499,1,214,30,1,30,0,0,0,1,0,0,0,0,0,0,0
232,5558,0,284,34,4,44,0,2,0,1,0,0,1,0,0,0,0
233,5563,1,23,18,1,18,1,0,0,0,0,0,0,0,0,0,0
234,5627,1,142,32,1,32,1,0,0,0,0,0,0,0,0,0,0
235,5653,1,199,8,1,8,0,0,0,0,0,0,0,0,0,0,0
236,5656,1,233,10,2,14,0,1,0,0,0,0,0,0,0,0,0
237,5661,0,149,12,2,18,0,0,1,0,0,0,0,0,0,0,0
238,5673,1,132,20,3,36,1,0,1,0,0,1,0,0,0,0,0
239,5679,1,231,2,2,8,0,0,0,0,0,0,0,0,0,0,0
240,5688,1,113,14,2,20,0,0,0,1,0,1,0,0,0,0,0
241,5699,1,214,6,2,10,0,0,0,0,0,0,0,0,0,0,0
242,5707,1,43,10,2,14,1,0,0,0,0,0,0,0,0,0,0
243,5733,1,367,12,11,70,4,1,3,0,0,0,2,0,0,0,0
244,5762,0,206,20,1,20,1,0,0,0,0,0,0,0,0,0,0
245,5770,1,171,12,2,14,1,0,0,0,0,0,0,0,0,0,0
246,5775,1,291,12,11,34,2,0,0,0,2,1,5,0,0,0,1
247,5882,1,315,2,5,28,1,0,1,0,1,0,0,1,0,0,1
248,5910,1,167,14,1,14,1,0,0,0,0,0,0,0,0,0,0
249,5917,1,71,10,1,10,0,0,0,0,0,0,0,0,0,0,0
250,5968,1,286,12,2,14,1,0,0,0,0,0,0,0,0,0,1
251,5980,1,184,16,1,16,1,0,0,0,0,0,0,0,0,0,0
252,6007,0,174,8,1,8,0,0,0,0,0,0,0,0,0,0,0
253,6036,1,125,16,6,46,1,0,3,1,0,1,0,0,0,0,0
254,6072,1,31,10,2,12,0,0,0,0,0,0,0,0,0,0,0
255,6075,1,239,16,1,16,0,0,0,1,0,0,0,0,0,0,0
256,6128,1,283,10,2,16,1,0,0,0,0,0,0,0,0,0,0
257,6133,1,284,34,2,38,0,0,1,1,0,0,0,0,0,0,0
258,6143,0,171,8,2,16,0,0,1,0,0,0,0,0,0,0,0
259,6211,0,149,10,1,10,0,0,0,0,0,0,0,0,0,0,0
260,6251,0,80,2,2,10,0,0,0,0,0,0,0,0,0,0,0
261,6284,0,140,10,1,10,0,0,0,0,0,0,0,0,0,0,0
262,6300,1,67,24,2,32,0,0,1,1,0,0,0,0,0,0,0
263,6313,0,91,34,1,34,1,0,0,0,0,0,0,0,0,0,0
264,6328,1,185,10,1,10,0,0,0,0,0,0,0,0,0,0,0
265,6338,1,303,10,2,14,1,0,0,0,0,0,0,0,0,0,0
266,6360,1,334,8,3,20,0,0,1,0,0,1,0,0,0,0,0
267,6401,1,282,2,10,38,2,0,0,1,0,0,2,0,0,0,1
268,6425,1,300,2,2,6,0,0,0,0,0,0,0,0,0,0,0
269,6484,1,206,12,2,14,1,0,0,0,0,0,0,0,0,0,0
270,6490,1,198,10,3,16,2,0,0,0,0,0,0,0,0,0,0
271,6494,1,188,10,10,58,1,2,3,0,2,1,0,0,0,0,0
272,6516,1,336,8,10,66,4,2,1,1,1,0,0,0,0,0,0
273,6543,1,152,6,7,36,1,1,1,1,0,0,0,0,0,0,0
274,6615,1,264,12,4,26,0,2,0,0,0,0,1,0,0,0,0
275,6617,0,88,10,3,26,0,0,1,0,0,1,0,0,0,0,0
276,6649,1,73,6,2,8,0,0,0,0,0,0,0,0,0,0,0
277,6667,0,274,26,1,26,0,0,0,0,0,0,1,0,0,0,0
278,6687,0,23,2,1,2,0,0,0,0,0,0,0,0,0,0,0
279,6717,1,92,6,1,6,0,0,0,0,0,0,0,0,0,0,1
280,6745,1,75,32,1,32,1,0,0,0,0,0,0,0,0,0,0
281,6762,1,187,4,2,12,0,0,0,0,0,0,0,0,0,0,0
282,6763,1,86,8,1,8,0,0,0,0,0,0,0,0,0,0,0
283,6777,0,81,4,1,4,0,0,0,0,0,0,0,0,0,0,0
284,6780,1,202,12,1,12,0,0,0,0,0,0,0,0,0,0,0
285,6792,1,424,24,9,58,1,0,4,1,0,1,2,2,0,0,0
286,6799,0,272,12,2,14,0,0,0,0,1,0,0,0,0,0,0
287,6846,1,82,8,1,8,0,0,0,0,0,0,0,0,0,0,0
288,6862,1,217,12,2,18,0,0,0,1,0,0,0,0,0,0,0
289,6870,1,76,32,2,40,0,1,0,1,0,0,0,0,0,0,0
290,6886,1,274,14,2,16,0,0,1,0,0,1,0,0,0,0,0
291,6892,0,191,6,2,8,0,0,0,0,0,0,0,0,0,0,0
292,6899,0,164,14,5,34,2,1,0,0,0,0,1,0,0,0,0
293,6904,0,69,10,4,22,1,0,0,1,0,0,0,0,0,0,0
294,6944,1,191,8,9,58,1,1,0,1,1,0,2,0,0,0,0
295,7002,1,207,26,6,58,2,0,0,0,2,1,1,0,1,1,1
296,7049,1,205,16,5,38,2,1,0,0,0,1,1,0,0,1,0
297,7080,1,82,10,4,22,2,0,0,1,0,0,0,0,0,0,0
298,7100,1,181,26,12,62,4,2,1,4,0,1,0,1,0,1,0
299,7124,1,233,16,1,16,1,0,0,0,0,0,0,0,0,0,0
300,7168,1,155,34,5,46,4,0,1,0,0,0,0,0,0,0,0
301,7180,1,130,16,1,16,0,0,0,1,0,0,0,0,0,0,0
302,7205,0,401,16,8,54,1,0,2,1,0,2,2,1,0,1,0
303,7252,1,342,16,8,56,2,0,1,0,1,2,2,0,0,0,0
304,7269,0,138,14,1,14,0,0,1,0,0,0,0,0,0,0,0
305,7291,0,381,10,9,44,4,0,0,1,1,1,1,0,0,0,0
306,7296,1,170,8,1,8,0,0,0,0,0,0,0,0,0,0,0
307,7311,0,242,4,1,4,0,0,0,0,0,0,0,0,0,0,0
308,7330,0,274,20,6,38,1,1,1,1,1,0,1,1,0,0,0
309,7386,1,157,6,2,14,0,0,1,0,0,0,0,0,0,0,0
310,7450,1,177,10,9,30,0,1,1,1,1,2,0,1,1,1,0
311,7477,1,242,34,9,66,2,1,3,0,1,1,1,1,0,0,0
312,7478,0,70,2,2,10,0,0,0,0,0,0,0,0,0,0,0
313,7528,1,224,18,2,22,0,0,1,0,0,1,0,0,0,0,0
314,7591,1,223,2,2,10,0,0,0,0,0,0,0,0,0,0,0
315,7609,1,212,12,12,42,0,0,3,3,1,3,1,0,0,0,0
316,7669,1,124,14,1,14,1,0,0,0,0,0,0,0,0,0,0
317,7701,1,133,18,2,22,0,0,0,0,0,0,2,0,0,0,0
318,7736,1,55,12,1,12,0,0,0,0,0,0,0,0,0,0,0
319,7773,1,325,14,2,20,1,0,0,0,0,0,0,0,0,0,0
320,7783,1,213,10,2,18,0,0,0,1,0,0,0,0,0,0,0
321,7820,1,171,26,2,32,1,0,0,0,1,0,0,0,0,0,0
322,7860,1,228,4,2,10,0,0,0,0,0,0,0,0,0,0,0
323,7863,1,302,6,2,8,0,0,0,0,0,0,0,0,0,0,0
324,7872,1,62,14,1,14,0,0,0,0,1,0,0,0,0,0,0
325,7916,1,303,12,2,16,0,0,0,0,0,0,1,0,0,0,0
326,7924,1,198,16,1,16,1,0,0,0,0,0,0,0,0,0,0
327,7938,0,159,14,2,20,1,0,0,1,0,0,0,0,0,0,0
328,7954,1,414,10,9,40,1,1,3,2,0,0,1,2,0,0,0
329,7984,1,235,16,2,20,0,1,0,1,0,0,0,0,0,0,0
330,8052,1,321,2,2,8,0,0,0,0,0,0,0,0,0,0,0
331,8062,1,230,32,2,38,0,0,0,0,0,1,1,0,0,0,0
332,8075,1,141,4,6,36,0,2,0,0,0,1,0,0,0,0,1
333,8104,0,293,2,2,4,0,0,0,0,0,0,0,0,0,0,1
334,8114,0,300,6,1,6,0,0,0,0,0,0,0,0,0,0,0
335,8134,0,99,10,5,38,0,0,0,1,0,1,1,0,0,0,1
336,8182,0,393,24,8,68,1,1,4,0,1,1,0,0,0,0,0
337,8194,1,164,2,6,20,0,0,1,0,0,0,0,0,0,0,0
338,8214,1,272,14,2,16,0,0,0,0,1,0,0,0,0,0,0
339,8224,1,111,8,2,14,0,0,0,0,1,0,0,0,0,0,1
340,8233,1,256,14,12,40,2,0,4,2,1,3,0,0,0,0,0
341,8257,1,275,20,2,24,0,0,2,0,0,0,0,1,0,0,0
342,8258,1,335,4,4,16,1,0,0,0,0,0,0,0,0,0,0
343,8277,1,319,12,11,58,2,0,3,1,1,1,2,0,0,0,0
344,8316,0,36,18,1,18,0,0,0,0,1,0,0,0,0,0,0
345,8322,1,218,16,6,42,1,1,3,1,0,0,0,0,0,0,0
346,8342,1,147,12,2,14,0,0,0,1,0,0,0,0,0,0,0
347,8411,0,48,4,2,8,0,0,0,0,0,0,0,0,0,0,0
348,8441,1,317,14,10,42,3,1,2,1,1,1,1,0,0,0,1
349,8455,1,269,16,1,16,0,0,0,0,0,1,0,0,0,0,1
350,8517,1,244,6,10,40,2,0,1,1,2,0,1,0,0,0,0
351,8535,1,442,14,12,40,3,2,2,0,0,1,4,1,0,1,0
352,8563,0,304,16,2,24,0,0,0,1,0,1,0,0,0,0,0
353,8604,1,35,32,1,32,1,0,0,0,0,0,0,0,0,0,0
354,8614,1,401,16,8,42,4,0,1,2,0,1,0,1,0,1,0
355,8630,1,131,2,4,12,0,0,0,0,0,0,0,0,0,0,1
356,8660,1,311,20,1,20,0,1,0,0,0,0,0,0,0,0,0
357,8703,1,57,12,2,14,0,0,1,0,0,0,0,0,0,0,0
358,8717,0,168,16,2,20,1,0,0,0,0,0,1,0,0,0,0
359,8739,0,78,12,2,14,0,0,0,0,1,0,0,0,0,0,1
360,8761,0,22,8,1,8,0,0,0,0,0,0,0,0,0,0,0
361,8783,0,281,14,11,58,2,0,3,3,0,2,1,0,0,0,0
362,8793,1,174,34,2,42,0,1,0,1,0,0,0,0,0,0,0
363,8836,1,391,36,8,68,1,3,1,2,0,0,1,0,0,0,0
364,8855,1,106,8,2,16,1,0,0,0,0,0,0,0,0,0,0
365,8887,1,301,34,2,40,1,0,0,0,0,1,0,0,0,0,0
366,8932,1,80,6,2,10,0,0,0,0,0,0,0,0,0,0,0
367,8936,0,348,10,8,32,1,1,1,2,0,1,0,1,0,1,0
368,8993,1,152,6,1,6,0,0,0,0,0,0,0,0,0,0,0
369,8996,0,172,32,2,38,1,0,0,0,0,1,0,0,0,0,1
370,9018,1,58,14,1,14,0,0,0,0,1,0,0,0,0,0,0
371,9054,1,98,2,2,6,0,0,0,0,0,0,0,0,0,0,0
372,9129,1,282,4,2,10,0,0,0,0,0,0,0,0,0,0,0
373,9173,1,88,8,5,34,0,0,1,0,0,0,2,0,0,0,1
374,9179,1,212,14,9,36,2,1,3,0,1,0,2,1,1,0,0
375,9210,0,182,32,2,38,1,1,0,0,0,0,0,0,0,0,0
376,9223,1,219,8,1,8,0,0,0,0,0,0,0,0,0,0,0
377,9224,0,157,12,3,28,0,0,1,0,1,0,0,0,0,0,0
378,9236,0,212,12,1,12,0,0,0,0,0,0,0,0,0,0,0
379,9310,0,256,16,7,40,1,1,1,2,0,1,1,0,0,0,0
380,9358,0,301,4,3,18,1,0,0,1,0,0,0,0,0,0,0
381,9364,0,209,10,12,50,3,0,3,1,1,0,1,0,0,0,0
382,9376,1,206,10,3,16,0,0,1,0,0,0,0,0,0,0,0
383,9407,0,97,14,2,16,0,0,0,0,2,0,0,0,1,0,1
384,9426,0,74,22,2,26,1,0,0,0,0,1,0,0,0,0,0
385,9429,1,128,12,2,18,0,1,0,0,0,0,0,0,0,0,0
386,9433,0,117,10,1,10,0,0,0,0,0,0,0,0,0,0,0
387,9437,1,62,24,2,28,0,1,1,0,0,0,0,0,0,0,0
388,9439,0,262,4,1,4,0,0,0,0,0,0,0,0,0,0,0
389,9460,1,230,4,1,4,0,0,0,0,0,0,0,0,0,0,0
390,9509,1,419,8,11,52,4,0,1,0,1,1,2,1,1,1,1
391,9521,0,202,10,1,10,0,0,0,0,0,0,0,0,0,0,0
392,9585,1,265,8,1,8,0,0,0,0,0,0,0,0,0,0,0
393,9601,1,304,32,1,32,0,0,0,0,1,0,0,0,0,0,0
394,9619,1,96,16,1,16,0,0,1,0,0,0,0,0,0,0,0
395,9717,1,84,16,4,36,1,0,0,1,1,1,0,0,0,0,0
396,9718,1,19,14,1,14,0,0,1,0,0,0,0,0,0,0,0
397,9741,1,155,6,1,6,0,0,0,0,0,0,0,0,0,0,0
398,9744,1,70,30,2,38,1,0,1,0,0,0,0,0,0,0,0
399,9819,1,111,2,1,2,0,0,0,0,0,0,0,0,0,0,0
400,9822,1,291,6,2,10,0,0,0,0,0,0,0,0,0,0,1
401,9826,1,165,10,1,10,0,0,0,0,0,0,0,0,0,0,0
402,9845,1,300,26,8,70,1,3,0,2,0,1,1,0,0,0,0
403,9849,1,303,20,2,28,0,0,0,0,0,0,2,0,0,0,0
404,9853,0,71,12,1,12,0,0,0,0,0,0,0,0,0,0,0
405,9921,1,339,14,9,52,4,0,1,2,0,2,0,0,0,0,0
406,9947,1,158,20,6,32,3,0,1,1,1,0,0,0,0,0,0
407,9986,1,176,8,6,30,0,0,2,0,2,0,0,0,0,0,0
408,9990,0,46,16,2,24,1,0,0,0,0,0,1,0,0,0,0
409,10031,1,117,8,2,16,0,0,0,1,0,0,0,0,0,0,0
410,10046,1,259,10,1,10,0,0,0,0,0,0,0,0,0,0,0
411,10083,1,261,16,1,16,0,0,0,0,1,0,0,0,0,0,0
412,10087,1,314,10,10,48,2,2,3,1,1,0,0,0,0,0,0
413,10127,0,120,14,2,22,1,0,0,0,0,0,0,0,0,0,0
414,10170,0,295,6,2,14,1,0,0,0,0,0,0,0,0,0,0
415,10208,1,188,18,2,26,0,1,0,0,1,0,0,0,1,0,0
416,10219,0,127,4,2,12,0,0,0,0,0,0,0,0,0,0,1
417,10224,1,236,10,3,20,0,0,1,1,0,0,0,0,0,0,0
418,10229,1,261,14,1,14,0,0,0,0,0,1,0,0,0,0,0
419,10360,1,327,14,5,24,1,0,2,1,0,1,0,1,0,0,0
420,10388,1,189,10,1,10,0,0,0,0,0,0,0,0,0,0,1
421,10410,1,325,4,10,40,1,2,2,3,0,1,0,1,0,0,0
422,10460,1,96,14,1,14,1,0,0,0,0,0,0,0,0,0,0
423,10503,1,148,16,1,16,0,0,0,0,1,0,0,0,0,0,0
424,10504,0,295,10,1,10,0,0,0,0,0,0,0,0,0,0,0
425,10522,1,70,4,2,8,0,0,0,0,0,0,0,0,0,0,0
426,10524,1,96,32,2,40,0,1,0,1,0,0,0,0,0,0,0
427,10531,1,98,10,2,16,1,0,0,0,0,0,0,0,0,0,0
428,10573,1,260,16,2,20,1,0,0,0,0,1,0,0,0,0,0
429,10588,0,334,20,5,44,1,0,1,2,1,0,0,0,0,0,0
430,10606,0,68,4,2,10,0,0,0,0,0,0,0,0,0,0,1
431,10675,0,157,10,7,36,0,1,4,0,1,0,0,1,0,0,0
432,10702,1,240,32,2,34,0,1,0,0,0,0,1,0,0,0,0
433,10789,1,26,8,1,8,0,0,0,0,0,0,0,0,0,0,0
434,10802,0,276,2,2,6,0,0,0,0,0,0,0,0,0,0,0
435,10815,1,215,6,4,26,2,0,0,0,0,1,0,0,0,0,0
436,10847,1,175,14,1,14,0,0,0,0,0,0,0,0,0,0,0
437,10902,1,229,34,1,34,0,0,0,1,0,0,0,0,0,0,0
438,10906,1,240,34,2,40,1,0,0,0,0,1,0,0,0,0,0
439,10910,0,372,10,12,44,0,1,3,2,0,2,1,1,0,1,0
440,10912,1,234,2,1,2,0,0,0,0,0,0,0,0,0,0,0
441,11004,1,309,18,2,26,1,0,0,0,0,1,0,0,0,0,0
442,11063,1,224,2,11,52,1,1,1,0,0,1,3,1,0,0,1
443,11095,1,372,4,9,34,2,2,2,0,0,0,1,1,0,0,0
444,11103,0,415,28,12,72,4,2,2,0,1,1,2,2,1,1,0
445,11137,1,106,10,3,28,1,0,0,0,0,0,0,0,0,0,0
446,11140,1,304,10,2,16,0,0,0,0,0,1,0,0,0,0,0
447,11154,1,260,18,1,18,0,0,0,1,0,0,0,0,0,0,0
448,11182,0,258,2,1,2,0,0,0,0,0,0,0,0,0,0,1
449,11305,1,130,14,2,22,0,0,1,1,0,0,0,0,0,0,0
450,11333,0,266,12,2,18,0,1,0,0,0,0,0,0,0,0,0
451,11341,0,168,16,2,20,0,0,1,0,0,1,0,0,0,1,0
452,11353,0,56,4,1,4,0,0,0,0,0,0,0,0,0,0,0
453,11354,1,114,2,3,14,1,0,0,0,0,0,0,0,0,0,0
454,11356,1,195,12,1,12,0,0,0,0,0,0,0,0,0,0,0
455,11379,1,308,6,2,8,0,0,0,0,0,0,0,0,0,0,0
456,11381,1,79,10,1,10,0,0,0,0,0,0,0,0,0,0,0
457,11409,1,409,6,10,48,3,0,2,2,1,0,1,0,0,0,0
458,11420,1,78,16,1,16,1,0,0,0,0,0,0,0,0,0,0
459,11437,1,203,14,2,22,0,0,1,0,1,0,0,0,0,0,0
460,11471,1,194,34,10,72,1,2,1,1,0,2,3,1,0,1,0
461,11474,1,188,16,1,16,0,0,1,0,0,0,0,0,0,0,0
462,11478,1,66,10,1,10,0,0,0,0,0,0,0,0,0,0,0
463,11480,1,386,14,7,44,1,1,0,0,2,2,1,0,0,0,0
464,11481,1,194,10,5,34,1,0,1,0,1,0,1,0,0,0,0
465,11531,1,382,10,11,58,3,1,1,3,0,0,1,1,0,0,0
466,11555,0,64,2,2,6,0,0,0,0,0,0,0,0,0,0,1
467,11574,1,193,12,11,44,3,0,2,1,1,1,2,0,0,0,0
468,11663,0,118,8,1,8,0,0,0,0,0,0,0,0,0,0,1
469,11732,0,63,8,1,8,0,0,0,0,0,0,0,0,0,0,0
470,11746,1,67,4,1,4,0,0,0,0,0,0,0,0,0,0,1
471,11754,1,322,24,2,30,0,0,0,0,0,1,1,0,0,0,0
472,11757,1,24,36,1,36,1,0,0,0,0,0,0,0,0,0,0
473,11924,0,229,24,4,32,1,0,1,0,0,1,1,1,0,0,0
474,11952,1,143,10,2,16,0,0,1,0,0,0,0,0,0,0,0
475,11969,1,108,12,1,12,0,0,0,0,0,0,0,0,0,0,0
476,11973,1,325,16,3,32,0,0,1,0,0,1,1,0,0,0,0
477,11991,1,92,8,3,16,0,0,1,0,0,0,0,0,0,0,0
478,11992,0,300,12,10,52,1,3,1,1,1,0,2,0,0,0,0
479,11993,0,169,34,5,46,0,2,2,0,0,1,0,1,0,1,0
480,12003,1,208,18,1,18,0,0,0,0,0,0,1,0,0,0,0
481,12109,1,180,12,3,22,0,0,1,0,0,0,0,0,0,0,0
482,12150,1,275,2,2,4,0,0,0,0,0,0,0,0,0,0,0
483,12154,0,220,26,5,44,2,1,1,0,0,0,1,0,0,0,0
484,12199,1,138,8,2,14,0,0,0,0,0,0,0,0,0,0,0
485,12201,1,318,22,2,30,0,0,0,0,1,0,1,0,0,0,0
486,12256,1,111,26,6,42,0,1,1,1,2,1,0,0,0,0,0
487,12306,1,140,8,1,8,0,0,0,0,0,0,0,0,0,0,0
488,12307,0,59,4,2,10,0,0,0,0,0,0,0,0,0,0,0
489,12350,1,210,28,1,28,0,0,1,0,0,0,0,0,0,0,0
490,12404,1,243,2,8,48,0,0,0,1,3,2,0,0,0,0,1
491,12464,0,267,22,1,22,1,0,0,0,0,0,0,0,0,0,0
492,12505,1,295,10,5,34,1,1,0,0,1,0,0,0,0,0,0
493,12532,1,258,24,6,44,1,1,2,0,0,1,1,1,0,0,0
494,12587,1,370,32,11,64,4,1,4,1,1,0,0,0,0,0,0
495,12627,1,158,2,2,4,0,0,0,0,0,0,0,0,0,0,1
496,12629,1,171,12,1,12,0,0,0,0,0,0,0,0,0,0,0
497,12650,1,264,16,2,18,0,0,0,1,0,0,1,0,0,0,0
498,12656,1,359,10,12,76,1,2,2,2,0,2,1,0,0,0,0
499,12661,1,17,20,1,20,0,0,1,0,0,0,0,0,0,0,0
500,12697,1,83,12,1,12,0,0,0,0,0,0,0,0,0,0,0
501,12700,0,205,4,4,26,1,0,1,0,0,1,0,0,0,0,1
502,12722,1,77,10,1,10,0,0,0,0,0,0,0,0,0,0,0
503,12751,0,263,20,1,20,1,0,0,0,0,0,0,0,0,0,0
504,12760,1,163,34,10,70,1,1,3,2,0,0,3,0,0,0,0
505,12861,1,225,8,1,8,0,0,0,0,0,0,0,0,0,0,0
506,12882,1,218,26,1,26,1,0,0,0,0,0,0,0,0,0,0
507,12905,1,179,14,1,14,0,0,0,1,0,0,0,0,0,0,0
508,12911,1,93,12,2,14,1,0,0,0,0,0,0,0,0,0,0
509,12993,0,77,26,5,50,0,3,0,1,0,0,1,0,0,0,0
510,13010,0,157,12,2,18,0,1,0,0,0,0,0,0,0,0,0
511,13036,1,121,14,8,42,1,1,2,2,1,1,0,1,0,0,0
512,13107,0,223,10,9,42,1,1,1,1,0,1,0,0,0,0,0
513,13116,0,274,2,2,6,0,0,0,0,0,0,0,0,0,0,0
514,13139,0,368,8,9,36,3,0,1,0,1,0,1,0,0,0,0
515,13209,0,149,12,1,12,0,0,0,0,0,0,0,0,0,0,0
516,13268,1,174,10,4,24,1,0,2,0,0,0,0,0,0,0,0
517,13300,1,170,8,2,10,0,0,0,0,0,0,0,0,0,0,0
518,13310,1,105,12,1,12,0,0,0,0,0,0,0,0,0,0,1
519,13377,0,84,10,1,10,0,0,0,0,0,0,0,0,0,0,0
520,13387,0,152,12,2,14,1,0,0,0,0,0,0,0,0,0,0
521,13389,1,279,16,2,22,1,0,0,0,0,0,1,0,0,0,0
522,13410,0,455,16,11,40,4,0,3,2,1,0,1,0,0,0,0
523,13415,1,174,8,2,12,0,0,0,0,0,0,0,0,0,0,1
524,13439,1,119,16,1,16,0,0,1,0,0,0,0,0,0,0,0
525,13461,1,398,10,12,68,3,1,3,1,0,1,2,0,0,0,0
526,13463,0,122,10,2,14,0,0,0,0,1,0,0,0,0,0,0
527,13464,1,144,14,9,52,1,1,3,0,3,0,1,1,1,0,0
528,13488,1,300,16,2,22,0,1,1,0,0,0,0,1,0,0,0
529,13556,1,101,2,4,18,2,0,0,0,0,0,0,0,0,0,0
530,13604,1,226,6,1,6,0,0,0,0,0,0,0,0,0,0,0
531,13629,1,371,8,9,40,2,0,1,1,1,1,2,0,0,0,1
532,13634,1,214,12,11,40,2,1,1,2,2,1,1,0,0,0,0
533,13654,1,287,4,3,16,0,1,0,0,0,0,0,0,0,0,0
534,13679,0,137,8,7,34,3,0,0,0,0,1,1,0,0,0,1
535,13715,1,301,6,1,6,0,0,0,0,0,0,0,0,0,0,0
536,13720,1,140,10,9,62,0,0,1,2,0,2,3,0,0,0,1
537,13765,0,82,30,1,30,0,0,0,1,0,0,0,0,0,0,0
538,13809,1,228,6,1,6,0,0,0,0,0,0,0,0,0,0,0
539,13812,1,286,2,2,4,0,0,0,0,0,0,0,0,0,0,1
540,13864,1,114,6,1,6,0,0,0,0,0,0,0,0,0,0,0
541,13882,1,302,30,7,66,2,2,1,0,0,1,1,0,0,0,0
542,13908,1,180,36,2,42,0,0,0,1,0,0,1,0,0,0,0
543,13958,0,226,16,12,76,5,0,2,2,1,0,2,0,0,0,0
544,13982,0,128,16,1,16,0,1,0,0,0,0,0,0,0,0,0
545,13984,0,181,14,2,20,0,0,1,0,1,0,0,0,0,0,0
546,13994,0,67,4,2,8,0,0,0,0,0,0,0,0,0,0,0
547,14002,1,408,12,10,66,2,2,2,1,1,0,1,0,0,0,0
548,14006,1,70,10,2,14,0,0,1,0,0,0,0,0,0,0,0
549,14009,1,201,10,1,10,0,0,0,0,0,0,0,0,0,0,0
550,14015,1,260,20,2,26,0,2,0,0,0,0,0,0,0,0,0
551,14027,1,69,10,1,10,0,0,0,0,0,0,0,0,0,0,0
552,14056,0,40,14,2,16,1,0,0,1,0,0,0,0,0,0,0
553,14071,1,170,4,1,4,0,0,0,0,0,0,0,0,0,0,0
554,14080,0,260,6,5,32,1,0,0,0,1,1,0,0,0,0,1
555,14104,1,153,12,1,12,0,0,0,0,0,0,0,0,0,0,0
556,14108,1,116,14,2,20,1,0,1,0,0,0,0,0,0,0,0
557,14130,1,188,8,1,8,0,0,0,0,0,0,0,0,0,0,0
558,14140,1,134,24,2,28,1,1,0,0,0,0,0,0,0,0,0
559,14143,1,115,30,5,50,1,1,0,1,1,1,0,0,0,0,0
560,14158,1,258,2,2,8,0,0,0,0,0,0,0,0,0,0,1
561,14186,1,273,12,2,16,0,0,0,1,0,0,0,0,0,0,0
562,14192,1,316,8,2,16,1,0,0,0,0,0,0,0,0,0,0
563,14208,1,276,12,5,26,1,1,1,1,0,0,0,0,0,0,0
564,14215,0,224,10,1,10,0,0,0,0,0,0,0,0,0,0,1
565,14223,1,226,16,7,56,2,0,1,1,2,1,0,0,1,0,0
566,14251,1,204,22,1,22,1,0,0,0,0,0,0,0,0,0,0
567,14308,1,204,12,12,80,3,1,2,2,0,1,2,1,0,0,0
568,14314,1,208,22,5,40,1,0,3,0,1,0,0,0,0,0,0
569,14335,0,344,6,11,38,3,0,2,1,2,0,1,2,0,0,0
570,14359,1,41,8,2,10,0,0,0,0,0,0,0,0,0,0,0
571,14382,1,232,28,7,42,2,1,0,1,1,2,0,0,0,0,0
572,14385,1,219,16,8,52,4,1,1,0,1,1,0,0,0,0,0
573,14421,0,144,10,2,16,0,1,0,0,0,0,0,0,0,0,0
574,14423,0,119,12,6,30,0,0,0,1,1,1,2,0,0,0,1
575,14464,1,428,16,10,76,3,1,3,0,1,1,1,1,0,1,0
576,14482,0,373,14,8,44,0,0,1,5,0,0,2,0,0,0,0
577,14515,1,210,22,2,28,0,0,1,1,0,0,0,0,0,0,0
578,14559,1,81,14,1,14,0,0,0,1,0,0,0,0,0,0,0
579,14587,1,354,24,5,34,1,1,0,0,1,1,1,0,0,0,0
580,14605,1,253,4,1,4,0,0,0,0,0,0,0,0,0,0,0
581,14617,1,330,14,10,64,0,0,2,2,1,0,4,0,0,0,0
582,14622,0,20,16,1,16,0,0,0,0,1,0,0,0,0,0,0
583,14643,1,153,6,4,26,2,0,0,0,0,0,1,0,0,0,0
584,14646,0,349,8,7,38,1,1,0,0,1,1,1,0,0,0,0
585,14649,1,62,36,2,38,1,0,1,0,0,0,0,0,0,0,0
586,14675,0,347,2,11,38,3,0,2,0,1,0,1,2,0,0,0
587,14683,1,296,4,1,4,0,0,0,0,0,0,0,0,0,0,0
588,14721,0,102,20,5,34,1,0,0,0,2,1,1,0,1,1,0
589,14778,0,119,16,2,22,0,1,0,0,0,0,1,0,0,0,0
590,14789,0,221,10,7,24,2,0,1,1,1,1,0,1,1,1,0
591,14813,1,231,16,1,16,0,0,0,1,0,0,0,0,0,0,0
592,14819,1,195,20,2,24,0,0,2,0,0,0,0,1,0,0,0
593,14826,1,310,16,1,16,0,0,0,0,0,1,0,0,0,0,1
594,14856,0,170,4,1,4,0,0,0,0,0,0,0,0,0,0,0
595,14879,1,93,18,2,26,0,0,0,1,0,1,0,0,0,0,0
596,14891,1,246,8,1,8,0,0,0,0,0,0,0,0,0,0,0
597,14892,0,193,14,1,14,0,0,1,0,0,0,0,0,0,0,0
598,14908,1,379,8,8,54,1,1,0,2,1,1,1,0,0,0,0
599,14915,1,214,12,1,12,0,0,0,0,0,0,0,0,0,0,0
600,14920,1,281,2,10,38,2,2,1,1,1,0,2,0,0,0,0
601,14930,1,275,2,5,22,0,0,1,0,0,0,0,0,0,0,1
602,14931,1,160,14,2,16,1,0,0,0,0,0,0,0,0,0,0
603,14976,1,175,14,1,14,0,1,0,0,0,0,0,0,0,0,0
604,14980,1,192,14,5,24,1,1,1,0,1,0,1,1,1,0,0
605,14991,1,51,12,2,20,0,0,0,0,0,0,1,0,0,0,0
606,15040,1,303,26,1,26,0,0,0,1,0,0,0,0,0,0,0
607,15050,1,82,12,2,16,0,0,1,0,0,0,0,0,0,0,1
608,15056,1,260,10,1,10,0,0,0,0,0,0,0,0,0,0,0
609,15068,0,175,16,2,20,0,0,0,1,0,0,1,0,0,0,0
610,15084,1,203,20,2,24,1,0,0,0,0,0,1,0,0,0,0
611,15101,1,175,14,2,20,1,1,0,0,0,0,0,0,0,0,0
612,15102,0,180,16,8,52,2,0,0,2,2,0,2,0,2,0,0
613,15152,0,263,12,11,68,2,1,1,1,3,0,2,0,0,0,1
614,15187,1,213,12,2,14,0,0,1,0,0,0,0,0,0,0,0
615,15194,1,36,2,1,2,0,0,0,0,0,0,0,0,0,0,0
616,15201,0,365,6,11,46,0,2,3,4,0,0,1,1,0,0,0
617,15253,1,292,16,1,16,0,0,0,0,0,0,1,0,0,0,0
618,15467,1,79,20,2,24,0,0,1,0,0,1,0,0,0,0,0
619,15525,0,218,12,2,20,1,0,0,0,0,0,0,0,0,0,0
620,15567,0,287,10,11,74,2,1,1,2,2,0,2,1,0,0,0
621,15615,1,71,6,1,6,0,0,0,0,0,0,0,0,0,0,0
622,15639,1,189,22,2,28,1,1,0,0,0,0,0,0,0,0,0
623,15669,0,114,2,1,2,0,0,0,0,0,0,0,0,0,0,0
624,15690,0,67,16,1,16,0,0,1,0,0,0,0,0,0,0,0
625,15703,1,225,4,2,8,0,0,0,0,0,0,0,0,0,0,0
626,15740,1,193,10,10,40,2,1,1,1,2,1,1,0,0,0,0
627,15771,0,237,12,2,16,1,0,0,0,0,0,0,0,0,0,0
628,15799,0,62,10,2,12,0,0,0,0,0,0,0,0,0,0,0
629,15814,0,217,6,6,28,0,1,2,0,0,0,0,0,0,0,0
630,15835,0,224,12,8,48,1,1,2,0,1,0,2,0,0,0,0
631,15879,1,89,24,1,24,0,0,0,1,0,0,0,0,0,0,0
632,15919,1,268,2,1,2,0,0,0,0,0,0,0,0,0,0,0
633,15927,1,289,6,2,8,0,0,0,0,0,0,0,0,0,0,1
634,15929,1,208,36,1,36,0,0,1,0,0,0,0,0,0,0,0
635,15988,1,398,12,8,50,1,1,0,0,1,1,2,0,0,0,1
636,16064,1,256,20,1,20,0,0,0,0,0,0,1,0,0,0,0
637,16099,0,176,10,2,12,0,0,0,0,0,0,0,0,0,0,1
638,16105,1,120,22,4,46,0,0,2,1,0,1,0,1,0,0,0
639,16106,1,207,2,5,18,0,1,2,0,0,0,0,1,0,0,0
640,16115,0,253,10,8,54,2,0,2,1,0,1,1,0,0,0,0
641,16119,1,153,12,1,12,0,0,0,0,0,0,0,0,0,0,0
642,16157,0,233,12,10,52,0,0,4,4,0,0,1,0,0,0,0
643,16224,1,367,26,12,86,3,1,4,1,1,0,2,0,0,0,0
644,16235,0,266,16,12,84,3,1,2,1,1,0,4,1,0,0,0
645,16302,1,155,28,2,36,0,2,0,0,0,0,0,0,0,0,0
646,16324,1,221,28,5,42,2,1,1,0,0,0,1,0,0,0,0
647,16333,1,288,10,2,12,0,0,0,0,0,0,0,0,0,0,0
648,16363,1,121,10,1,10,0,0,0,0,0,0,0,0,0,0,0
649,16364,1,313,10,2,18,0,0,1,0,0,0,0,0,0,0,0
650,16369,0,129,4,1,4,0,0,0,0,0,0,0,0,0,0,0
651,16395,1,124,12,2,16,0,1,0,0,0,0,0,0,0,0,0
652,16442,0,266,10,8,50,0,1,2,1,1,1,1,0,0,0,1
653,16455,1,236,4,1,4,0,0,0,0,0,0,0,0,0,0,0
654,16490,1,51,18,2,26,0,0,1,0,1,0,0,0,1,0,0
655,16539,1,149,16,1,16,1,0,0,0,0,0,0,0,0,0,0
656,16581,1,213,34,7,56,1,1,3,1,0,1,0,1,0,1,0
657,16597,0,228,8,2,16,0,0,0,0,0,1,0,0,0,0,0
658,16634,1,102,12,1,12,0,0,0,0,0,0,0,0,0,0,0
659,16636,1,304,12,1,12,0,0,0,0,0,0,0,0,0,0,0
660,16669,1,332,22,6,50,1,1,1,2,0,0,1,0,0,0,0
661,16682,0,206,6,11,70,0,1,3,2,0,2,2,2,0,1,1
662,16711,1,148,2,2,4,0,0,0,0,0,0,0,0,0,0,0
663,16719,0,188,16,8,48,0,0,4,2,0,0,2,0,0,0,0
664,16720,1,389,24,9,52,2,0,1,2,0,0,4,0,0,0,0
665,16742,1,315,16,2,18,1,0,0,0,1,0,0,0,0,0,0
666,16818,1,173,10,8,36,2,1,0,0,1,2,1,0,1,1,0
667,16823,1,205,16,5,30,0,0,2,2,1,0,0,1,0,0,0
668,16853,0,269,18,2,20,0,0,2,0,0,0,0,0,0,0,0
669,16859,1,161,6,3,18,0,0,0,1,0,0,1,0,0,0,0
670,16861,1,462,22,11,86,0,1,2,4,0,3,1,1,0,1,1
671,16890,0,291,16,2,20,1,0,1,0,0,0,0,0,0,0,0
672,16894,1,79,14,5,26,0,1,1,0,0,1,2,0,0,0,0
673,16897,0,324,12,10,48,1,1,2,4,1,0,0,2,0,0,0
674,16916,1,259,8,12,36,1,0,2,4,1,1,1,0,0,0,0
675,16934,0,284,16,1,16,1,0,0,0,0,0,0,0,0,0,0
676,16961,0,326,28,2,30,1,0,1,0,0,0,0,0,0,0,0
677,16981,0,245,36,6,60,2,0,1,1,0,1,1,0,0,0,0
678,17086,1,177,12,1,12,0,0,0,0,0,0,0,0,0,0,0
679,17099,0,462,2,11,44,2,0,0,1,1,2,1,0,0,0,1
680,17131,1,158,8,2,12,0,0,0,0,0,0,0,0,0,0,0
681,17140,1,254,12,10,34,1,1,2,0,2,0,3,2,2,0,0
682,17190,1,107,4,2,10,0,0,0,0,0,0,0,0,0,0,0
683,17213,1,253,14,1,14,0,0,1,0,0,0,0,0,0,0,0
684,17229,0,130,14,7,38,2,0,1,1,0,2,1,1,0,1,0
685,17232,0,334,8,4,28,0,0,0,1,0,1,0,0,0,0,1
686,17238,0,145,24,2,30,1,0,0,1,0,0,0,0,0,0,0
687,17292,1,81,28,1,28,0,0,1,0,0,0,0,0,0,0,0
688,17306,1,381,2,9,48,1,0,3,0,1,1,1,1,1,1,0
689,17316,1,349,8,11,64,5,1,2,0,1,1,0,2,0,0,0
690,17321,1,367,4,10,40,0,2,0,4,1,0,1,0,0,0,0
691,17330,0,170,32,3,46,0,1,0,1,0,1,0,0,0,0,0
692,17339,1,277,10,1,10,0,0,0,0,0,0,0,0,0,0,0
693,17347,1,386,10,9,44,2,2,1,0,0,0,1,0,0,0,0
694,17348,1,208,12,2,16,0,1,0,0,0,0,0,0,0,0,0
695,17381,1,128,34,7,74,1,1,2,0,1,0,2,1,0,0,0
696,17424,1,348,14,9,48,1,0,4,1,1,1,1,2,1,1,0
697,17447,1,31,2,2,6,0,0,0,0,0,0,0,0,0,0,1
698,17462,1,287,24,2,26,0,0,2,0,0,0,0,1,0,0,0
699,17479,1,208,14,8,60,1,2,2,0,1,0,2,0,0,0,0
700,17481,0,145,14,2,18,0,0,1,0,0,1,0,0,0,0,0
701,17509,1,164,14,1,14,0,1,0,0,0,0,0,0,0,0,0
702,17563,1,257,4,5,22,1,0,0,1,0,1,0,0,0,0,0
703,17564,1,25,34,1,34,0,1,0,0,0,0,0,0,0,0,0
704,17589,0,31,4,2,8,0,0,0,0,0,0,0,0,0,0,0
705,17597,1,383,2,8,18,0,0,0,2,0,1,0,0,0,0,0
706,17615,1,90,2,2,6,0,0,0,0,0,0,0,0,0,0,0
707,17625,1,240,22,1,22,0,0,0,1,0,0,0,0,0,0,0
708,17667,1,309,12,2,20,0,0,1,0,0,0,0,0,0,0,0
709,17674,0,204,26,2,28,1,0,0,0,0,0,1,0,0,0,0
710,17692,0,211,28,8,68,1,2,1,4,0,0,0,0,0,0,0
711,17693,0,233,10,10,56,2,0,2,0,1,0,2,0,0,0,1
712,17711,1,294,12,12,64,2,1,3,2,0,1,2,1,0,0,0
713,17723,1,237,6,5,30,1,0,0,0,0,0,1,0,0,0,0
714,17741,1,308,4,2,6,0,0,0,0,0,0,0,0,0,0,0
715,17747,1,235,14,4,22,0,0,1,0,1,1,1,0,0,0,0
716,17793,0,285,6,11,72,2,0,1,1,0,0,2,0,0,0,0
717,17803,0,279,12,11,54,2,3,1,0,2,1,1,1,1,1,0
718,17809,1,258,4,2,8,0,0,0,0,0,0,0,0,0,0,0
719,17857,1,223,6,8,32,0,0,3,0,0,2,0,1,0,2,0
720,17861,1,157,36,2,38,0,0,0,1,0,1,0,0,0,0,0
721,17877,1,254,10,9,54,1,1,3,0,0,2,1,1,0,1,0
722,17886,1,136,10,2,16,0,1,0,0,0,0,0,0,0,0,0
723,17902,0,92,10,3,24,0,0,1,0,0,0,1,0,0,0,0
724,17938,0,46,8,1,8,0,0,0,0,0,0,0,0,0,0,0
725,17975,1,39,10,1,10,0,0,0,0,0,0,0,0,0,0,0
726,17998,0,167,12,2,18,0,0,0,0,0,0,1,0,0,0,0
727,18017,1,242,12,1,12,0,0,0,0,0,0,0,0,0,0,0
728,18050,1,323,6,7,32,2,0,1,1,0,0,2,0,0,0,0
729,18054,1,292,8,2,10,0,0,0,0,0,0,0,0,0,0,0
730,18070,1,130,26,8,42,2,0,0,1,3,0,2,0,1,0,0
731,18072,0,108,16,4,28,0,0,2,1,0,0,1,0,0,0,0
732,18084,1,274,20,9,44,1,3,1,2,1,1,0,0,0,0,0
733,18145,1,326,16,2,24,0,0,1,1,0,0,0,0,0,0,0
734,18176,0,93,10,1,10,0,0,0,0,0,0,0,0,0,0,0
735,18225,1,102,2,6,16,2,1,0,0,0,0,0,0,0,0,0
736,18227,1,282,4,5,30,2,0,0,0,0,0,1,0,0,0,0
737,18279,0,304,8,4,28,0,0,1,0,0,0,2,1,0,0,1
738,18313,1,240,10,11,74,2,0,3,0,1,2,2,0,0,0,1
739,18338,1,154,10,1,10,0,0,0,0,0,0,0,0,0,0,0
740,18370,0,215,28,1,28,0,0,0,0,0,1,0,0,0,0,0
741,18394,1,151,6,1,6,0,0,0,0,0,0,0,0,0,0,0
742,18407,1,187,6,1,6,0,0,0,0,0,0,0,0,0,0,1
743,18422,0,223,28,9,70,3,0,2,2,0,1,1,2,0,1,0
744,18441,1,333,32,9,76,4,0,0,0,1,3,1,0,0,0,0
745,18462,0,344,6,3,18,0,1,0,0,0,0,1,0,0,0,1
746,18464,0,157,16,1,16,0,1,0,0,0,0,0,0,0,0,1
747,18501,0,388,16,8,52,2,1,1,2,0,1,1,1,0,1,0
748,18531,1,312,14,1,14,0,0,0,0,0,1,0,0,0,0,0
749,18536,0,87,22,2,26,1,0,0,1,0,0,0,0,0,0,0
750,18553,1,284,16,2,18,1,1,0,0,0,0,0,0,0,0,0
751,18607,0,81,30,4,46,1,1,1,1,0,0,0,1,0,0,0
752,18667,0,106,2,2,6,0,0,0,0,0,0,0,0,0,0,1
753,18689,1,283,4,2,8,0,0,0,0,0,0,0,0,0,0,0
754,18690,1,76,2,1,2,0,0,0,0,0,0,0,0,0,0,0
755,18706,1,313,8,12,56,1,1,0,2,1,2,3,0,0,0,0
756,18725,1,341,6,9,50,2,0,2,1,0,1,1,1,0,0,0
757,18765,1,248,14,11,60,2,2,3,1,1,1,1,0,0,0,0
758,18782,1,266,12,5,22,0,0,1,2,0,1,0,0,0,0,0
759,18805,1,89,14,1,14,1,0,0,0,0,0,0,0,0,0,0
760,18826,1,379,24,8,52,5,0,1,0,1,0,1,0,0,0,0
761,18906,1,337,30,7,52,0,2,2,1,0,1,1,1,0,1,0
762,18924,1,217,2,2,8,0,0,0,0,0,0,0,0,0,0,0
763,18927,0,242,10,2,14,0,0,0,0,1,0,0,0,0,0,0
764,18930,1,43,12,1,12,0,0,0,0,0,0,0,0,0,0,0
765,19012,1,19,30,1,30,0,0,1,0,0,0,0,0,0,0,0
766,19028,0,134,2,2,6,0,0,0,0,0,0,0,0,0,0,0
767,19035,0,177,2,5,18,0,0,0,0,0,0,1,0,0,0,1
768,19045,0,294,12,5,34,0,0,2,0,0,1,1,0,0,0,1
769,19053,1,191,8,2,12,0,0,0,0,0,0,0,0,0,0,0
770,19064,1,200,12,12,36,4,1,1,1,0,3,1,0,0,2,0
771,19066,0,244,20,1,20,0,0,1,0,0,0,0,0,0,0,0
772,19084,0,25,4,1,4,0,0,0,0,0,0,0,0,0,0,0
773,19121,1,294,12,1,12,0,0,0,0,0,0,0,0,0,0,0
774,19168,1,333,12,12,82,2,1,5,0,0,2,1,0,0,0,1
775,19196,1,235,14,6,28,1,0,2,0,0,0,3,0,0,0,0
776,19200,1,48,4,2,12,0,0,0,0,0,0,0,0,0,0,0
777,19254,0,157,16,10,36,3,1,2,2,0,0,2,1,0,0,0
778,19295,0,354,16,12,74,1,1,4,1,0,3,2,0,0,0,1
779,19299,1,255,28,1,28,0,0,1,0,0,0,0,0,0,0,0
780,19376,1,280,16,1,16,0,0,0,0,0,0,1,0,0,0,0
781,19445,1,62,2,1,2,0,0,0,0,0,0,0,0,0,0,0
782,19448,0,226,12,4,22,0,0,0,0,0,0,2,0,0,0,1
783,19486,1,361,6,8,40,2,0,0,1,1,2,0,0,0,0,0
784,19492,1,199,14,1,14,1,0,0,0,0,0,0,0,0,0,0
785,19497,0,354,14,9,34,2,2,3,1,1,0,0,0,0,0,0
786,19522,1,206,22,1,22,0,0,0,0,0,0,1,0,0,0,0
787,19545,1,166,2,2,8,0,0,0,0,0,0,0,0,0,0,0
788,19546,1,422,34,11,66,2,1,4,2,1,1,0,0,0,0,0
789,19550,1,88,4,4,26,1,0,0,1,0,0,0,0,0,0,0
790,19589,1,207,12,9,58,3,0,2,0,0,1,1,1,0,0,1
791,19610,0,336,24,4,40,0,0,3,0,0,0,1,0,0,0,0
792,19625,0,354,16,12,46,1,1,4,2,0,1,3,1,0,0,0
793,19641,1,241,20,4,28,2,0,2,0,0,0,0,0,0,0,0
794,19716,1,378,2,10,56,2,1,1,1,2,1,1,1,1,1,1
795,19719,1,267,14,2,16,0,0,1,0,0,1,0,0,0,0,0
796,19720,1,144,10,1,10,0,0,0,0,0,0,0,0,0,0,0
797,19765,1,208,18,1,18,1,0,0,0,0,0,0,0,0,0,0
798,19769,1,270,10,2,14,0,0,1,0,0,0,0,0,0,0,0
799,19776,1,81,8,1,8,0,0,0,0,0,0,0,0,0,0,0
800,19778,0,255,22,2,30,0,0,0,1,1,0,0,0,0,0,0
801,19797,1,295,6,10,28,2,1,2,0,0,0,0,1,0,0,0
802,19838,0,112,20,2,28,1,0,1,0,0,0,0,0,0,0,0
803,19874,1,90,26,1,26,0,0,0,1,0,0,0,0,0,0,0
804,19913,1,258,10,2,18,0,0,0,1,0,0,0,0,0,0,0
805,19922,1,357,10,10,56,2,0,2,0,2,1,2,0,0,0,0
806,19926,1,340,16,4,24,0,0,2,0,0,2,0,1,0,1,0
807,19928,0,224,12,2,18,1,0,0,0,0,0,0,0,0,0,1
808,19935,1,37,20,2,26,1,0,1,0,0,0,0,0,0,0,0
809,19982,1,398,34,11,82,1,1,2,2,1,0,4,0,0,0,0
810,20025,0,416,10,9,52,1,0,0,2,0,0,3,0,0,0,0
811,20035,1,29,4,1,4,0,0,0,0,0,0,0,0,0,0,0
812,20037,1,279,8,1,8,0,0,0,0,0,0,0,0,0,0,0
813,20064,1,202,8,12,78,4,0,1,2,1,2,1,0,0,0,0
814,20070,1,393,32,8,56,3,1,1,1,1,0,1,0,0,0,0
815,20076,1,111,16,2,22,0,0,0,0,1,0,1,0,0,0,1
816,20113,0,39,12,2,20,1,0,0,0,0,0,0,0,0,0,0
817,20114,1,351,16,8,62,3,1,1,1,0,1,1,1,0,1,1
818,20130,1,359,4,7,42,1,0,2,1,1,0,0,0,0,0,0
819,20166,1,278,4,8,32,2,0,1,1,1,0,0,0,0,0,1
820,20172,1,298,10,4,28,1,0,1,0,0,1,0,0,0,0,0
821,20175,0,213,22,1,22,0,0,0,0,1,0,0,0,0,0,0
822,20185,1,101,16,2,24,0,0,0,1,1,0,0,0,0,0,0
823,20196,1,127,10,2,18,0,0,1,0,0,0,0,0,0,0,0
824,20199,0,185,10,9,48,1,1,1,0,0,2,3,1,0,1,1
825,20201,1,203,2,5,20,1,1,0,0,0,0,0,0,0,0,0
826,20204,1,278,12,1,12,0,0,0,0,0,0,0,0,0,0,0
827,20205,1,319,12,5,34,2,0,1,0,0,0,1,0,0,0,0
828,20220,1,108,10,4,30,1,0,0,0,0,1,1,0,0,0,0
829,20229,1,217,4,12,66,2,2,4,1,0,2,0,0,0,0,0
830,20252,1,434,10,9,58,3,0,2,1,1,1,0,0,0,0,0
831,20271,1,196,14,12,58,1,2,2,3,1,0,2,0,0,0,0
832,20323,0,41,14,1,14,0,0,0,1,0,0,0,0,0,0,0
833,20332,1,188,2,4,20,0,0,0,0,0,0,1,0,0,0,0
834,20333,1,196,2,4,10,0,0,0,0,0,0,0,0,0,0,0
835,20337,0,61,6,2,14,0,1,0,0,0,0,0,0,0,0,0
836,20355,0,190,2,8,32,1,1,0,1,1,0,0,0,0,0,0
837,20366,1,199,10,11,34,1,2,4,1,1,0,0,1,0,0,0
838,20380,1,207,14,2,18,0,0,1,0,1,0,0,0,0,0,0
839,20435,1,256,10,7,50,1,1,2,2,0,0,0,0,0,0,0
840,20461,0,56,12,2,16,1,0,0,0,0,0,0,0,0,0,0
841,20478,1,226,4,1,4,0,0,0,0,0,0,0,0,0,0,0
842,20503,1,88,4,2,12,0,0,0,0,0,0,0,0,0,0,0
843,20510,1,98,16,2,20,0,0,0,0,1,1,0,0,0,0,0
844,20513,1,328,8,2,10,0,0,0,0,0,0,0,0,0,0,0
845,20560,1,256,14,2,20,1,0,1,0,0,0,0,0,0,0,0
846,20614,1,368,14,12,74,2,0,4,3,0,2,1,2,0,2,0
847,20626,1,235,10,1,10,0,0,0,0,0,0,0,0,0,0,0
848,20639,0,291,12,12,62,2,1,3,2,1,0,0,0,0,0,0
849,20643,1,211,6,2,8,0,0,0,0,0,0,0,0,0,0,0
850,20678,1,323,4,2,6,0,0,0,0,0,0,0,0,0,0,0
851,20727,1,15,8,1,8,0,0,0,0,0,0,0,0,0,0,0
852,20729,0,200,4,9,28,1,1,1,1,0,0,1,0,0,0,0
853,20749,0,33,6,1,6,0,0,0,0,0,0,0,0,0,0,0
854,20754,1,126,18,2,20,0,0,1,0,1,0,0,0,0,0,0
855,20768,1,459,14,11,76,2,2,2,1,1,0,3,0,0,0,0
856,20855,0,316,4,7,38,0,2,0,1,0,0,2,0,0,0,0
857,20929,0,287,4,11,62,1,0,1,0,1,1,3,0,0,0,1
858,20949,0,299,8,10,44,1,1,2,0,1,2,2,1,0,1,1
859,20957,1,158,12,2,18,1,0,0,0,0,0,0,0,0,0,0
860,20963,1,268,14,12,80,3,0,5,0,1,1,2,0,0,0,0
861,20979,0,166,14,10,50,2,2,4,0,1,1,0,0,0,0,0
862,21009,1,167,28,1,28,0,0,0,0,0,1,0,0,0,0,0
863,21014,1,207,18,11,54,3,0,2,2,0,2,2,1,0,1,0
864,21054,1,72,12,2,18,0,0,1,0,0,0,0,0,0,0,0
865,21069,1,221,14,9,62,4,1,0,1,1,2,0,0,1,2,1
866,21115,1,150,14,9,66,3,0,2,1,2,1,0,1,0,0,0
867,21137,1,118,10,1,10,0,0,0,0,0,0,0,0,0,0,0
868,21140,1,222,16,1,16,1,0,0,0,0,0,0,0,0,0,0
869,21154,0,28,10,1,10,0,0,0,0,0,0,0,0,0,0,0
870,21178,1,68,14,2,20,0,0,0,0,2,0,0,0,0,0,0
871,21189,1,149,4,1,4,0,0,0,0,0,0,0,0,0,0,0
872,21220,1,80,10,1,10,0,0,0,0,0,0,0,0,0,0,0
873,21266,1,227,16,2,24,1,0,0,1,0,0,0,0,0,0,0
874,21345,1,132,34,1,34,1,0,0,0,0,0,0,0,0,0,0
875,21352,0,174,8,1,8,0,0,0,0,0,0,0,0,0,0,0
876,21361,1,266,24,2,26,0,0,2,0,0,0,0,0,0,0,0
877,21362,1,291,6,1,6,0,0,0,0,0,0,0,0,0,0,0
878,21373,1,235,16,2,24,0,0,1,0,1,0,0,0,0,0,0
879,21407,1,128,8,2,10,0,0,0,0,0,0,0,0,0,0,0
880,21434,1,345,14,11,78,4,0,3,1,2,1,0,0,0,0,0
881,21438,0,283,10,2,16,1,0,0,0,0,0,0,0,0,0,0
882,21444,1,306,32,2,38,0,1,1,0,0,0,0,0,0,0,0
883,21453,1,265,12,3,24,0,0,1,0,1,0,0,0,0,0,0
884,21461,1,121,14,2,22,0,0,1,0,1,0,0,0,1,0,0
885,21474,1,62,14,1,14,0,0,1,0,0,0,0,0,0,0,0
886,21496,0,306,12,12,78,2,1,4,1,0,1,2,0,0,0,0
887,21536,1,237,16,1,16,1,0,0,0,0,0,0,0,0,0,0
888,21547,1,178,2,1,2,0,0,0,0,0,0,0,0,0,0,0
889,21552,0,388,2,8,18,2,0,0,0,0,0,0,0,0,0,1
890,21595,1,161,12,2,14,0,0,1,0,0,0,0,0,0,0,0
891,21651,1,275,8,2,10,0,0,0,0,0,0,0,0,0,0,0
892,21661,1,58,10,1,10,0,0,0,0,0,0,0,0,0,0,0
893,21691,1,344,14,3,20,0,0,1,0,0,0,1,0,0,0,0
894,21726,0,210,2,1,2,0,0,0,0,0,0,0,0,0,0,1
895,21732,0,149,4,2,10,0,0,0,0,0,0,0,0,0,0,1
896,21813,1,171,16,2,20,0,0,1,0,0,1,0,0,0,0,0
897,21838,0,313,10,2,18,0,0,0,1,0,0,0,0,0,0,0
898,21879,0,373,16,5,36,1,1,2,0,0,0,1,1,0,0,0
899,21893,0,320,20,12,76,3,1,4,1,1,1,1,1,0,0,1
900,21917,0,52,14,2,18,2,0,0,0,0,0,0,0,0,0,0
901,21936,0,261,12,3,28,0,1,0,0,0,0,0,0,0,0,0
902,21965,1,138,12,5,26,2,0,0,0,0,1,1,0,0,0,0
903,21977,1,225,22,7,64,2,0,2,0,1,0,2,0,0,0,0
904,21985,1,158,4,2,10,0,0,0,0,0,0,0,0,0,0,0
905,21994,0,253,8,8,30,2,1,0,0,0,1,2,0,0,0,0
906,22007,1,256,28,2,34,1,0,1,0,0,0,0,0,0,0,0
907,22016,1,48,8,1,8,0,0,0,0,0,0,0,0,0,0,0
908,22074,0,222,14,8,36,0,3,0,0,2,1,2,0,1,1,1
909,22137,1,279,14,1,14,1,0,0,0,0,0,0,0,0,0,0
910,22236,0,160,34,2,38,0,0,1,0,1,0,0,0,0,0,0
911,22268,1,263,24,2,28,0,0,1,0,1,0,0,0,1,0,0
912,22281,1,162,6,10,64,2,1,2,1,0,1,1,2,0,1,0
913,22283,1,133,16,2,18,0,0,1,0,0,1,0,0,0,1,0
914,22307,1,276,12,12,60,3,0,1,2,2,3,0,0,0,0,0
915,22325,1,200,14,8,46,1,2,2,1,0,2,0,0,0,0,0
916,22361,1,186,22,2,28,0,0,2,0,0,0,0,1,0,0,0
917,22388,1,119,14,2,18,0,0,1,1,0,0,0,0,0,0,0
918,22394,0,295,16,2,18,0,1,1,0,0,0,0,0,0,0,0
919,22406,1,329,14,5,24,2,1,0,1,0,0,1,0,0,0,0
920,22412,0,194,20,1,20,1,0,0,0,0,0,0,0,0,0,0
921,22439,1,195,2,2,6,0,0,0,0,0,0,0,0,0,0,0
922,22455,1,110,4,7,30,1,0,1,1,1,1,0,0,0,0,0
923,22495,0,176,12,8,40,2,0,4,1,0,0,0,1,0,0,0
924,22515,1,62,36,1,36,0,0,0,0,0,0,1,0,0,0,0
925,22532,0,381,16,10,72,1,2,2,2,1,0,2,0,0,0,0
926,22541,1,386,34,8,68,0,2,2,2,0,1,1,0,0,0,0
927,22547,0,145,6,9,56,3,1,2,1,0,0,0,0,0,0,0
928,22549,0,207,4,2,8,0,0,0,0,0,0,0,0,0,0,0
929,22568,0,118,14,2,18,1,0,0,0,0,0,0,0,0,0,0
930,22576,1,32,28,1,28,0,0,0,0,0,0,1,0,0,0,0
931,22592,1,32,32,2,36,0,0,0,0,2,0,0,0,0,0,0
932,22619,1,153,16,10,64,1,2,2,2,1,1,1,0,0,0,0
933,22638,1,49,36,1,36,0,0,0,0,0,1,0,0,0,0,0
934,22644,0,198,12,12,60,2,0,1,2,0,2,4,1,0,1,1
935,22650,1,105,26,2,28,0,0,1,0,1,0,0,0,0,0,0
936,22653,0,270,24,2,28,1,0,0,0,1,0,0,0,0,0,0
937,22680,1,134,10,2,14,0,0,1,0,0,0,0,0,0,0,0
938,22687,0,405,16,12,78,4,0,3,2,1,0,2,1,0,0,0
939,22691,0,300,10,2,14,0,0,0,1,0,0,0,0,0,0,0
940,22697,1,90,14,1,14,0,0,0,0,0,1,0,0,0,0,0
941,22771,1,275,20,2,22,1,0,1,0,0,0,0,1,0,0,0
942,22839,0,40,12,1,12,0,0,0,0,0,0,0,0,0,0,1
943,22843,1,203,12,1,12,0,0,0,0,0,0,0,0,0,0,0
944,22844,0,42,18,2,24,1,0,1,0,0,0,0,0,0,0,0
945,22853,1,183,6,1,6,0,0,0,0,0,0,0,0,0,0,0
946,22883,1,164,16,1,16,0,1,0,0,0,0,0,0,0,0,0
947,22907,1,265,16,2,20,0,0,1,1,0,0,0,0,0,0,0
948,22916,0,84,2,1,2,0,0,0,0,0,0,0,0,0,0,0
949,22948,1,250,30,2,34,1,0,1,0,0,0,0,0,0,0,0
950,22958,1,62,10,1,10,0,0,0,0,0,0,0,0,0,0,0
951,23008,1,341,14,12,64,3,2,1,1,2,0,1,1,1,0,1
952,23023,1,288,16,1,16,0,0,0,0,0,0,1,0,0,0,0
953,23036,1,117,10,3,24,0,1,1,0,0,0,0,0,0,0,0
954,23079,1,206,2,9,34,3,1,2,0,1,0,0,1,1,0,0
955,23091,0,311,6,10,46,2,0,0,2,0,3,2,0,0,0,0
956,23138,1,175,22,1,22,1,0,0,0,0,0,0,0,0,0,0
957,23259,0,264,10,7,44,0,0,2,0,1,1,1,1,1,1,0
958,23318,1,134,4,6,24,1,1,1,1,0,0,0,1,0,0,0
959,23374,1,260,14,3,26,0,1,1,1,0,0,0,0,0,0,1
960,23395,1,157,4,2,8,0,0,0,0,0,0,0,0,0,0,0
961,23402,1,132,6,2,10,0,0,0,0,0,0,0,0,0,0,0
962,23406,1,138,10,7,44,2,0,1,0,0,1,2,1,0,0,0
963,23451,1,254,10,1,10,0,0,0,0,0,0,0,0,0,0,0
964,23494,1,183,8,5,34,2,1,0,0,1,0,0,0,0,0,0
965,23547,0,307,12,4,34,1,0,0,1,0,1,0,0,0,0,0
966,23584,0,150,16,5,36,1,0,1,1,0,2,0,0,0,1,1
967,23589,1,380,10,6,36,0,0,1,2,0,0,1,0,0,0,0
968,23594,0,255,8,2,12,0,0,0,0,0,0,0,0,0,0,0
969,23611,0,443,12,11,66,3,1,2,1,0,1,2,0,0,0,1
970,23625,0,19,22,1,22,0,0,0,0,1,0,0,0,0,0,0
971,23680,1,265,8,2,14,0,0,1,0,0,0,0,0,0,0,0
972,23715,1,335,6,12,74,1,0,3,2,0,2,2,0,0,0,0
973,23772,1,23,12,1,12,0,0,0,0,0,0,0,0,0,0,0
974,23797,1,426,32,9,58,3,1,3,1,1,0,0,0,0,0,0
975,23808,1,99,22,4,32,1,0,2,0,1,0,0,0,0,0,0
976,23828,1,232,4,6,36,1,0,1,0,1,1,0,0,0,0,0
977,23840,1,421,16,10,56,2,2,2,1,1,1,1,0,0,0,0
978,23861,0,251,14,7,50,2,1,2,0,1,0,1,0,0,0,0
979,23885,1,116,26,7,60,2,1,0,2,2,0,0,0,1,0,0
980,23887,0,203,12,8,48,1,2,1,1,0,1,1,0,0,0,1
981,23922,1,125,22,2,28,0,1,1,0,0,0,0,0,0,0,0
982,23923,0,194,32,2,40,1,0,1,0,0,0,0,0,0,0,0
983,23924,0,195,6,1,6,0,0,0,0,0,0,0,0,0,0,0
984,23932,1,196,14,1,14,1,0,0,0,0,0,0,0,0,0,0
985,23935,1,18,14,1,14,0,0,0,0,0,1,0,0,0,0,0
986,23961,1,256,14,12,54,2,1,2,3,0,2,2,0,0,0,0
987,23968,0,221,16,1,16,0,0,1,0,0,0,0,0,0,0,0
988,23969,0,26,26,1,26,1,0,0,0,0,0,0,0,0,0,0
989,23977,1,171,14,11,58,1,1,3,1,2,1,2,0,0,0,1
990,24048,0,412,8,11,68,3,2,1,1,2,0,1,1,1,0,0
991,24058,1,113,12,3,24,1,0,1,0,0,0,0,0,0,0,0
992,24064,1,193,2,1,2,0,0,0,0,0,0,0,0,0,0,1
993,24066,1,184,32,2,38,2,0,0,0,0,0,0,0,0,0,0
994,24077,0,213,12,2,16,0,0,1,0,0,0,0,0,0,0,1
995,24091,0,180,22,2,28,0,0,0,0,0,1,1,0,0,0,1
996,24109,0,304,12,1,12,0,0,0,0,0,0,0,0,0,0,0
997,24142,1,219,4,2,12,0,0,0,0,0,0,0,0,0,0,0
998,24149,0,147,8,1,8,0,0,0,0,0,0,0,0,0,0,1
999,24176,1,131,2,8,38,1,1,2,1,0,1,0,1,0,0,0
1000,24199,1,24,16,1,16,0,1,0,0,0,0,0,0,0,0,0
1001,24203,1,264,16,5,30,2,1,1,0,0,0,1,1,0,0,0
1002,24213,1,242,16,6,42,3,0,0,1,0,0,2,0,0,0,0
1003,24259,0,179,16,10,36,4,0,1,2,1,1,1,0,0,0,0
1004,24281,1,120,10,1,10,0,0,0,0,0,0,0,0,0,0,0
1005,24284,1,303,14,9,42,3,2,2,0,0,1,1,0,0,0,0
1006,24293,1,258,32,2,40,0,0,0,0,0,2,0,0,0,0,0
1007,24326,1,181,4,2,10,0,0,0,0,0,0,0,0,0,0,0
1008,24393,1,221,16,3,30,0,0,2,0,0,0,1,1,0,0,0
1009,24439,1,173,10,1,10,0,0,0,0,0,0,0,0,0,0,0
1010,24449,1,263,4,1,4,0,0,0,0,0,0,0,0,0,0,0
1011,24468,0,292,34,2,36,1,0,1,0,0,0,0,0,0,0,0
1012,24496,1,47,18,1,18,0,0,1,0,0,0,0,0,0,0,0
1013,24499,1,82,12,4,32,0,0,1,1,1,0,0,0,0,0,0
1014,24531,1,305,22,4,34,0,1,1,0,0,1,1,0,0,0,0
1015,24552,1,254,16,3,22,1,1,1,0,0,0,0,1,0,0,0
1016,24562,0,163,26,1,26,0,0,1,0,0,0,0,0,0,0,0
1017,24610,1,222,12,2,18,1,0,0,0,0,0,0,0,0,0,0
1018,24628,1,223,16,8,50,1,2,2,1,0,2,0,0,0,0,1
1019,24642,1,144,4,5,22,1,0,0,0,0,0,0,0,0,0,0
1020,24691,0,109,14,2,18,0,0,0,1,1,0,0,0,0,0,0
1021,24744,1,187,4,1,4,0,0,0,0,0,0,0,0,0,0,0
1022,24775,1,288,16,2,18,0,2,0,0,0,0,0,0,0,0,0
1023,24786,1,115,6,1,6,0,0,0,0,0,0,0,0,0,0,0
1024,24794,1,221,34,2,40,0,1,0,0,0,0,1,0,0,0,0
1025,24832,0,43,10,1,10,0,0,0,0,0,0,0,0,0,0,0
1026,24835,0,325,16,2,22,0,0,0,1,0,0,1,0,0,0,0
1027,24839,0,291,8,2,12,0,0,0,0,0,0,0,0,0,0,0
1028,24853,0,170,28,6,60,1,0,3,0,0,2,0,0,0,0,0
1029,24860,1,17,6,1,6,0,0,0,0,0,0,0,0,0,0,0
1030,24909,0,267,16,1,16,0,1,0,0,0,0,0,0,0,0,0
1031,24934,1,56,16,1,16,0,0,0,0,0,1,0,0,0,0,0
1032,24943,0,235,4,6,18,1,0,1,0,0,0,0,0,0,0,0
1033,25031,1,95,16,2,24,0,0,0,1,0,1,0,0,0,0,0
1034,25073,1,365,6,10,30,1,1,1,1,1,0,0,0,1,0,0
1035,25089,1,327,18,4,36,0,1,1,1,0,0,1,0,0,0,0
1036,25226,1,362,26,9,50,3,1,3,1,0,0,1,0,0,0,0
1037,25239,1,63,10,4,18,1,1,0,0,0,0,0,0,0,0,0
1038,25325,1,131,2,2,6,0,0,0,0,0,0,0,0,0,0,0
1039,25340,1,216,12,2,16,0,0,1,0,0,0,0,0,0,0,1
1040,25366,1,98,12,2,18,0,0,0,1,0,0,0,0,0,0,0
1041,25420,1,113,12,2,18,0,0,0,0,1,0,0,0,0,0,0
1042,25461,0,210,12,2,18,0,0,1,0,0,0,0,0,0,0,0
1043,25463,1,165,16,1,16,0,1,0,0,0,0,0,0,0,0,0
1044,25486,1,254,10,2,16,0,0,0,1,0,0,0,0,0,0,0
1045,25536,1,181,8,11,48,2,0,3,2,1,2,0,0,0,0,0
1046,25544,0,306,8,12,72,2,2,2,1,2,0,0,0,0,0,0
1047,25592,1,364,16,10,48,1,1,3,2,1,1,1,1,0,0,0
1048,25597,1,349,14,9,50,0,0,1,2,2,0,3,0,1,0,0
1049,25615,1,74,12,1,12,0,0,0,0,0,0,0,0,0,0,0
1050,25669,1,149,16,4,26,2,0,1,1,0,0,0,0,0,0,0
1051,25673,1,211,4,1,4,0,0,0,0,0,0,0,0,0,0,0
1052,25681,1,123,10,5,24,0,0,1,0,0,1,1,0,0,0,0
1053,25702,1,293,14,4,34,1,2,1,0,0,0,0,1,0,0,0
1054,25761,1,227,26,2,30,0,1,1,0,0,0,0,0,0,0,0
1055,25763,0,252,14,2,20,0,0,0,0,1,1,0,0,0,0,1
1056,25765,1,40,16,1,16,0,0,0,1,0,0,0,0,0,0,0
1057,25773,1,209,14,10,42,2,0,4,2,0,1,1,0,0,0,0
1058,25804,1,218,12,1,12,0,0,0,0,0,0,0,0,0,0,0
1059,25825,1,214,30,3,44,0,1,1,1,0,0,0,1,0,0,0
1060,25840,1,278,16,12,54,4,3,3,0,0,1,1,0,0,0,0
1061,25859,1,122,12,1,12,0,0,0,0,0,0,0,0,0,0,0
1062,25870,1,158,14,5,36,3,0,1,0,0,0,1,0,0,0,0
1063,25883,0,367,22,7,42,1,0,2,2,0,2,0,1,0,1,0
1064,25899,1,195,16,12,52,3,2,4,0,1,1,1,0,0,0,0
1065,25964,1,213,14,2,18,0,0,0,1,0,0,0,0,0,0,0
1066,25994,1,170,14,2,20,1,1,0,0,0,0,0,0,0,0,0
1067,25998,1,323,6,2,10,0,0,0,0,0,0,0,0,0,0,1
1068,26041,1,49,12,2,14,0,0,1,0,0,0,0,0,0,0,0
1069,26055,0,185,12,2,16,1,0,0,0,0,0,0,0,0,0,0
1070,26109,1,127,10,1,10,0,0,0,0,0,0,0,0,0,0,0
1071,26111,0,249,36,11,88,1,1,5,0,0,2,2,1,0,1,0
1072,26118,0,247,10,3,18,1,0,1,0,0,0,0,1,0,0,0
1073,26148,0,308,20,2,24,1,0,0,0,0,0,1,0,0,0,0
1074,26175,0,228,10,1,10,0,0,0,0,0,0,0,0,0,0,1
1075,26237,1,253,2,4,14,1,0,0,0,0,0,0,0,0,0,0
1076,26249,0,326,8,10,36,3,0,2,2,2,0,0,0,0,0,0
1077,26313,1,221,4,2,6,0,0,0,0,0,0,0,0,0,0,0
1078,26315,1,233,12,1,12,0,0,0,0,0,0,0,0,0,0,0
1079,26356,1,438,10,10,52,2,1,0,2,0,2,2,0,0,0,0
1080,26396,0,235,20,5,42,1,1,1,0,0,0,2,1,0,0,0
1081,26405,1,311,14,11,48,3,1,3,0,2,0,2,1,1,0,0
1082,26409,0,87,16,2,22,0,1,1,0,0,0,0,0,0,0,0
1083,26455,1,323,2,8,34,1,0,0,2,1,1,2,0,1,1,0
1084,26485,1,97,10,2,14,0,0,1,0,0,0,0,0,0,0,0
1085,26486,1,49,2,1,2,0,0,0,0,0,0,0,0,0,0,0
1086,26502,0,381,8,7,38,2,0,1,1,0,1,1,0,0,0,0
1087,26518,1,373,10,5,26,1,1,1,0,1,0,0,0,0,0,0
1088,26525,0,259,14,2,18,1,0,0,0,0,0,0,0,0,0,0
1089,26529,0,109,14,1,14,0,0,1,0,0,0,0,0,0,0,0
1090,26541,1,367,6,9,24,0,0,3,0,0,1,3,0,0,0,0
1091,26554,1,294,10,10,60,4,0,2,1,2,0,0,1,1,0,0
1092,26637,0,77,14,2,20,0,0,1,1,0,0,0,0,0,0,0
1093,26697,1,438,8,12,32,2,1,1,0,1,0,3,0,0,0,1
1094,26716,0,265,26,2,30,1,0,0,1,0,0,0,0,0,0,0
1095,26771,1,188,2,1,2,0,0,0,0,0,0,0,0,0,0,0
1096,26803,1,96,22,1,22,0,0,1,0,0,0,0,0,0,0,0
1097,26831,1,193,10,9,60,0,1,1,0,1,1,2,0,0,0,0
1098,26851,0,71,4,1,4,0,0,0,0,0,0,0,0,0,0,0
1099,26863,1,285,14,11,40,3,1,3,2,2,0,0,1,1,0,0
1100,26883,1,142,12,1,12,0,0,0,0,0,0,0,0,0,0,0
1101,26896,1,293,12,2,18,1,0,0,0,0,0,0,0,0,0,1
1102,26904,1,172,14,6,26,1,1,2,0,1,0,1,1,0,0,0
1103,26915,1,144,34,9,52,1,0,4,2,0,2,0,2,0,1,0
1104,26922,1,75,4,2,8,0,0,0,0,0,0,0,0,0,0,0
1105,26935,1,314,18,2,26,0,0,1,0,1,0,0,0,1,0,0
1106,26967,1,223,36,3,48,0,0,1,0,0,0,2,0,0,0,0
1107,26996,1,215,34,2,38,0,0,0,1,0,1,0,0,0,0,0
1108,27020,1,198,10,9,48,2,1,2,1,1,0,1,0,0,0,0
1109,27031,1,62,14,1,14,0,0,0,0,1,0,0,0,0,0,0
1110,27045,1,159,30,5,44,3,1,0,0,0,1,0,0,0,1,0
1111,27051,1,241,16,7,34,2,1,1,1,1,0,1,0,0,0,0
1112,27063,1,161,6,10,60,1,1,1,1,3,2,0,0,0,0,1
1113,27100,0,128,12,1,12,0,0,0,0,0,0,0,0,0,0,0
1114,27105,1,220,10,2,14,0,1,0,0,0,0,0,0,0,0,0
1115,27170,0,214,14,12,58,3,0,6,1,0,2,0,0,0,0,0
1116,27189,1,377,16,7,50,1,1,5,0,0,0,0,1,0,0,0
1117,27198,0,273,14,2,16,0,0,1,0,0,0,0,0,0,0,0
1118,27231,0,293,28,3,36,1,0,0,2,0,0,0,0,0,0,0
1119,27240,1,260,16,2,18,0,0,1,0,1,0,0,0,0,0,0
1120,27328,1,363,12,7,46,2,0,2,1,0,0,1,2,0,0,1
1121,27394,1,323,16,6,50,0,0,2,1,0,0,3,1,0,0,0
1122,27395,1,148,8,7,36,1,0,1,1,0,0,0,1,0,0,0
1123,27404,0,159,14,2,18,1,0,0,1,0,0,0,0,0,0,0
1124,27446,1,293,16,4,34,1,0,1,1,1,0,0,1,1,0,0
1125,27501,0,297,12,9,62,3,0,1,2,0,0,2,0,0,0,0
1126,27508,1,337,16,9,62,2,0,3,0,1,1,2,1,0,0,0
1127,27522,0,329,30,12,90,1,1,3,2,0,1,4,0,0,0,0
1128,27534,1,285,14,9,56,4,0,1,0,0,3,0,0,0,0,0
1129,27560,1,118,10,2,14,0,0,1,0,0,0,0,0,0,0,0
1130,27668,0,222,10,2,12,0,0,0,0,0,0,0,0,0,0,0
1131,27693,1,65,20,1,20,0,0,0,1,0,0,0,0,0,0,0
1132,27739,1,83,10,4,22,1,0,1,1,0,0,0,0,0,0,0
1133,27769,0,289,10,9,32,3,2,0,0,2,0,1,0,0,0,0
1134,27773,1,59,22,2,30,0,1,1,0,0,0,0,0,0,0,0
1135,27788,1,149,14,2,18,0,0,1,0,0,1,0,0,0,0,0
1136,27846,1,18,10,1,10,0,0,0,0,0,0,0,0,0,0,0
1137,27904,1,319,32,7,62,2,1,1,2,0,0,1,1,0,0,0
1138,27936,1,168,14,2,16,0,0,0,1,0,0,0,0,0,0,0
1139,27966,1,308,10,7,48,1,1,1,3,0,0,0,0,0,0,0
1140,27996,1,172,28,2,32,1,0,0,1,0,0,0,0,0,0,0
1141,28034,1,335,4,6,34,1,0,0,1,0,0,1,0,0,0,1
1142,28059,1,309,4,1,4,0,0,0,0,0,0,0,0,0,0,0
1143,28062,1,312,2,1,2,0,0,0,0,0,0,0,0,0,0,1
1144,28100,1,100,2,6,16,0,0,0,0,0,1,0,0,0,0,1
1145,28127,1,275,12,1,12,0,0,0,0,0,0,0,0,0,0,0
1146,28138,1,82,28,3,34,0,1,1,0,0,1,0,0,0,0,0
1147,28144,0,301,10,1,10,0,0,0,0,0,0,0,0,0,0,0
1148,28153,0,303,16,1,16,0,0,1,0,0,0,0,0,0,0,0
1149,28182,1,363,26,6,52,2,2,0,1,0,0,1,0,0,0,0
1150,28184,1,18,6,1,6,0,0,0,0,0,0,0,0,0,0,0
1151,28216,1,224,32,9,60,2,1,2,3,0,0,1,0,0,0,0
1152,28238,0,201,4,1,4,0,0,0,0,0,0,0,0,0,0,0
1153,28242,0,299,4,2,8,0,0,0,0,0,0,0,0,0,0,1
1154,28257,1,274,32,2,36,1,0,1,0,0,0,0,0,0,0,0
1155,28290,1,477,12,12,58,2,0,4,3,0,1,1,1,0,0,0
1156,28416,0,304,4,10,32,3,0,1,1,2,1,0,0,1,1,1
1157,28444,1,78,16,5,38,0,0,3,0,0,0,2,1,0,0,0
1158,28454,0,281,16,2,20,1,0,1,0,0,0,0,0,0,0,0
1159,28463,1,44,20,1,20,0,0,0,0,0,1,0,0,0,0,0
1160,28472,1,268,2,2,10,0,0,0,0,0,0,0,0,0,0,1
1161,28509,1,135,16,1,16,0,0,1,0,0,0,0,0,0,0,0
1162,28517,1,123,22,5,48,0,0,2,1,0,1,1,1,0,1,0
1163,28527,1,162,20,1,20,1,0,0,0,0,0,0,0,0,0,0
1164,28537,1,234,12,12,68,3,1,2,2,0,1,2,1,0,0,0
1165,28620,1,218,16,1,16,0,0,0,0,0,1,0,0,0,0,0
1166,28633,0,117,24,1,24,0,0,0,1,0,0,0,0,0,0,0
1167,28639,1,174,10,8,44,1,1,0,2,1,1,0,0,0,0,0
1168,28644,0,382,16,6,38,1,3,1,0,0,0,1,1,0,0,0
1169,28649,0,54,22,1,22,0,0,1,0,0,0,0,0,0,0,0
1170,28673,1,18,10,1,10,0,0,0,0,0,0,0,0,0,0,0
1171,28717,1,188,30,12,78,3,2,3,0,1,2,1,1,0,0,0
1172,28762,1,209,6,2,12,0,0,0,0,0,0,0,0,0,0,0
1173,28845,0,94,12,1,12,0,0,0,0,0,0,0,0,0,0,0
1174,28898,1,297,26,2,30,0,0,1,0,1,0,0,0,0,0,0
1175,28913,1,198,16,2,18,0,1,0,0,0,1,0,0,0,0,0
1176,28936,0,175,8,9,34,1,0,1,0,0,1,3,0,0,0,1
1177,28952,1,413,16,8,60,2,0,2,1,1,1,1,1,1,1,0
1178,28969,0,313,26,5,42,2,0,0,0,0,2,1,0,0,0,0
1179,28977,0,291,18,1,18,0,0,1,0,0,0,0,0,0,0,0
1180,29062,1,99,10,2,14,0,0,1,0,0,0,0,0,0,0,0
1181,29089,1,366,8,10,44,2,0,3,1,1,2,0,2,0,2,1
1182,29113,1,205,24,5,38,0,0,1,1,0,1,2,0,0,0,0
1183,29156,1,39,2,1,2,0,0,0,0,0,0,0,0,0,0,0
1184,29172,1,144,10,2,12,0,0,0,0,0,0,0,0,0,0,0
1185,29194,1,185,4,1,4,0,0,0,0,0,0,0,0,0,0,0
1186,29195,1,301,18,2,24,0,0,2,0,0,0,0,0,0,0,0
1187,29215,1,19,24,1,24,0,0,0,0,0,1,0,0,0,0,0
1188,29225,1,427,10,9,36,3,0,2,0,1,0,2,0,0,0,0
1189,29232,1,255,8,8,50,3,1,1,0,0,0,2,0,0,0,1
1190,29242,1,238,16,8,42,2,0,1,2,1,1,1,0,0,0,0
1191,29260,1,34,30,2,36,1,0,0,0,0,1,0,0,0,0,0
1192,29290,1,195,4,1,4,0,0,0,0,0,0,0,0,0,0,0
1193,29296,1,148,8,9,28,0,1,2,0,0,1,3,0,0,0,0
1194,29309,1,98,4,2,8,0,0,0,0,0,0,0,0,0,0,1
1195,29324,1,337,10,6,44,0,1,1,1,0,0,2,1,0,0,0
1196,29341,1,375,4,12,30,1,2,1,1,0,0,0,0,0,0,0
1197,29366,1,184,10,1,10,0,0,0,0,0,0,0,0,0,0,0
1198,29404,1,104,8,1,8,0,0,0,0,0,0,0,0,0,0,0
1199,29406,0,238,16,2,22,1,0,0,0,0,0,1,0,0,0,0
1200,29424,1,154,8,7,34,2,0,1,0,0,0,2,0,0,0,1
1201,29444,1,208,20,5,42,2,1,2,0,0,0,0,1,0,0,0
1202,29457,0,352,16,5,36,2,0,0,1,1,0,1,0,0,0,0
1203,29494,1,251,18,5,38,2,2,1,0,0,0,0,0,0,0,0
1204,29523,1,197,22,1,22,0,0,0,0,0,1,0,0,0,0,0
1205,29532,1,125,28,1,28,0,1,0,0,0,0,0,0,0,0,0
1206,29535,0,192,16,2,20,0,0,0,0,2,0,0,0,0,0,1
1207,29539,0,159,34,2,38,1,0,1,0,0,0,0,0,0,0,0
1208,29557,1,425,26,9,72,2,1,3,0,3,0,0,0,0,0,0
1209,29570,1,114,10,2,16,1,0,0,0,0,0,0,0,0,0,0
1210,29574,1,42,2,1,2,0,0,0,0,0,0,0,0,0,0,0
1211,29603,0,283,8,1,8,0,0,0,0,0,0,0,0,0,0,0
1212,29658,0,355,14,5,34,0,0,1,1,0,2,1,0,0,0,0
1213,29692,1,165,16,2,18,2,0,0,0,0,0,0,0,0,0,0
1214,29695,0,300,16,2,18,0,0,1,0,0,0,1,0,0,0,0
1215,29698,1,48,10,1,10,0,0,0,0,0,0,0,0,0,0,0
1216,29765,1,174,14,2,22,1,0,0,0,0,0,0,0,0,0,0
1217,29786,0,145,2,2,8,0,0,0,0,0,0,0,0,0,0,0
1218,29801,0,19,14,1,14,0,1,0,0,0,0,0,0,0,0,0
1219,29802,0,80,12,1,12,0,0,0,0,0,0,0,0,0,0,0
1220,29849,1,321,16,2,20,1,0,0,0,1,0,0,0,0,0,0
1221,29853,0,355,4,7,38,0,1,2,1,0,0,1,0,0,0,0
1222,29902,0,146,12,1,12,0,0,0,0,0,0,0,0,0,0,0
1223,29926,1,221,6,6,42,1,0,0,1,0,3,0,0,0,0,1
1224,29954,1,285,6,5,30,1,1,0,0,0,0,1,0,0,0,0
1225,30006,1,361,10,12,64,3,1,1,2,1,0,2,0,0,0,0
1226,30012,1,287,10,2,12,0,0,0,0,0,0,0,0,0,0,0
1227,30034,1,236,12,2,16,0,0,1,0,0,0,0,0,0,0,0
1228,30054,1,196,14,1,14,0,0,0,1,0,0,0,0,0,0,0
1229,30068,1,215,10,1,10,0,0,0,0,0,0,0,0,0,0,0
1230,30146,0,143,32,1,32,0,0,0,0,0,1,0,0,0,0,0
1231,30156,1,312,10,7,42,2,0,2,0,1,1,0,0,0,0,0
1232,30198,1,338,14,6,30,1,0,2,1,0,1,1,0,0,0,0
1233,30213,0,208,14,2,22,0,0,0,0,0,1,0,0,0,0,1
1234,30214,1,39,28,2,30,0,0,2,0,0,0,0,1,0,0,0
1235,30280,0,266,10,1,10,0,0,0,0,0,0,0,0,0,0,0
1236,30281,1,198,12,6,30,1,0,1,1,0,1,1,0,0,0,0
1237,30318,1,245,28,2,34,0,1,1,0,0,0,0,1,0,0,0
1238,30321,0,38,24,1,24,0,1,0,0,0,0,0,0,0,0,0
1239,30331,0,265,8,1,8,0,0,0,0,0,0,0,0,0,0,1
1240,30410,1,121,8,1,8,0,0,0,0,0,0,0,0,0,0,0
1241,30494,1,34,24,1,24,1,0,0,0,0,0,0,0,0,0,0
1242,30540,1,272,10,9,58,1,1,2,1,1,1,1,1,1,1,1
1243,30627,0,29,10,1,10,0,0,0,0,0,0,0,0,0,0,0
1244,30672,0,448,12,11,66,2,1,1,2,2,1,1,0,0,0,0
1245,30691,1,286,10,5,34,0,1,0,1,0,1,0,0,0,1,0
1246,30706,1,276,14,11,42,4,0,3,2,0,1,1,1,0,1,1
1247,30743,1,167,26,7,64,1,0,2,0,1,2,1,0,0,0,0
1248,30751,1,195,12,10,68,2,3,0,2,2,0,0,0,0,0,0
1249,30774,1,151,16,1,16,0,0,0,0,0,0,1,0,0,0,0
1250,30779,0,154,34,2,36,1,0,0,0,0,1,0,0,0,0,0
1251,30841,1,259,32,7,72,1,0,5,0,1,0,0,1,0,0,0
1252,30868,1,93,28,1,28,0,0,1,0,0,0,0,0,0,0,0
1253,30875,1,183,14,11,64,2,1,2,3,2,1,0,0,0,0,0
1254,30883,1,137,10,2,18,1,0,0,0,0,0,0,0,0,0,0
1255,30890,1,322,12,2,16,1,0,0,0,0,0,0,0,0,0,0
1256,30896,1,247,22,7,58,2,1,2,0,0,0,2,0,0,0,0
1257,30932,1,133,24,1,24,0,0,0,0,1,0,0,0,0,0,0
1258,30975,0,195,22,2,24,0,0,1,1,0,0,0,0,0,0,0
1259,31085,0,47,34,1,34,0,0,0,1,0,0,0,0,0,0,0
1260,31098,0,162,26,2,30,0,0,0,0,1,0,1,0,0,0,0
1261,31139,1,76,4,3,10,0,0,0,0,0,0,0,0,0,0,0
1262,31174,1,194,16,2,22,1,0,1,0,0,0,0,1,0,0,0
1263,31207,1,169,16,1,16,0,0,1,0,0,0,0,0,0,0,0
1264,31213,1,104,14,1,14,0,0,1,0,0,0,0,0,0,0,0
1265,31221,0,249,4,2,6,0,0,0,0,0,0,0,0,0,0,1
1266,31265,1,187,10,9,34,4,0,0,0,0,2,1,0,0,1,0
1267,31267,1,142,12,1,12,0,0,0,0,0,0,0,0,0,0,0
1268,31292,0,295,6,2,10,0,0,0,0,0,0,0,0,0,0,0
1269,31387,1,106,28,2,34,0,0,0,1,0,0,1,0,0,0,0
1270,31461,1,182,4,4,26,0,0,1,0,0,0,1,0,0,0,0
1271,31476,0,19,16,1,16,1,0,0,0,0,0,0,0,0,0,0
1272,31478,0,111,4,1,4,0,0,0,0,0,0,0,0,0,0,0
1273,31487,0,183,16,2,20,0,0,0,0,0,0,2,0,0,0,1
1274,31514,1,219,14,2,20,2,0,0,0,0,0,0,0,0,0,0
1275,31516,1,63,14,1,14,0,0,1,0,0,0,0,0,0,0,0
1276,31531,1,325,8,2,16,0,0,0,0,0,1,0,0,0,0,0
1277,31647,0,225,12,8,42,2,0,2,0,1,0,1,1,0,0,0
1278,31670,1,75,4,4,18,0,0,0,1,0,0,0,0,0,0,0
1279,31711,1,300,30,12,92,1,1,8,1,1,0,0,0,0,0,0
1280,31728,1,162,12,2,18,0,1,0,0,0,0,0,0,0,0,0
1281,31735,0,315,12,5,26,1,0,1,0,2,0,0,0,0,0,0
1282,31746,1,255,6,3,14,0,0,0,0,0,0,0,0,0,0,0
1283,31750,0,66,18,1,18,0,0,0,0,0,0,1,0,0,0,0
1284,31757,1,232,8,12,44,2,0,3,1,3,1,1,2,1,1,0
1285,31786,1,187,6,1,6,0,0,0,0,0,0,0,0,0,0,0
1286,31855,1,384,8,12,40,3,2,3,0,1,0,1,0,0,0,0
1287,31893,1,140,14,1,14,0,0,1,0,0,0,0,0,0,0,0
1288,31926,1,297,10,6,24,1,0,1,0,1,0,2,1,1,0,1
1289,31956,1,263,16,1,16,0,0,1,0,0,0,0,0,0,0,0
1290,31958,1,223,12,2,16,0,0,1,0,0,0,0,0,0,0,0
1291,31961,1,440,12,10,64,2,1,4,1,0,0,1,0,0,0,0
1292,31963,1,180,18,1,18,1,0,0,0,0,0,0,0,0,0,0
1293,31985,1,209,12,7,36,2,1,1,0,0,1,1,1,0,0,0
1294,31996,0,100,16,2,22,0,0,1,1,0,0,0,0,0,0,0
1295,32025,1,25,10,1,10,0,0,0,0,0,0,0,0,0,0,0
1296,32028,1,351,12,11,66,1,1,0,1,3,2,2,0,0,0,1
1297,32120,1,271,16,11,82,1,1,3,1,1,2,2,0,0,0,0
1298,32123,1,148,16,5,40,2,0,2,0,0,0,1,1,0,0,0
1299,32126,1,198,10,5,28,1,0,2,0,0,1,0,0,0,0,0
1300,32154,1,284,10,2,14,1,0,0,0,0,0,0,0,0,0,0
1301,32165,1,355,2,12,68,2,1,1,2,1,1,1,1,1,1,0
1302,32176,1,275,24,2,28,1,0,0,0,0,1,0,0,0,0,0
1303,32224,0,285,16,11,76,2,2,4,0,1,0,2,0,0,0,0
1304,32249,1,94,14,5,34,1,0,1,2,0,1,0,1,0,1,0
1305,32285,1,144,30,1,30,0,0,0,1,0,0,0,0,0,0,0
1306,32301,1,154,32,2,36,1,0,0,0,0,1,0,0,0,1,0
1307,32335,0,323,14,9,56,2,4,0,0,1,1,1,0,0,0,0
1308,32378,0,203,8,2,14,0,0,1,0,0,0,0,0,0,0,0
1309,32389,1,124,12,6,46,1,1,2,1,0,0,0,0,0,0,0
1310,32390,0,190,10,12,40,2,0,3,1,1,1,1,1,0,0,1
1311,32410,1,360,30,10,74,0,0,6,0,0,2,2,0,0,0,0
1312,32441,1,289,14,2,20,0,0,1,0,0,0,0,0,0,0,0
1313,32454,1,16,14,1,14,0,0,0,1,0,0,0,0,0,0,0
1314,32465,1,285,32,1,32,0,0,0,1,0,0,0,0,0,0,0
1315,32475,1,144,6,8,24,1,0,1,0,1,1,1,0,0,0,0
1316,32485,0,120,12,2,18,0,0,0,1,0,0,0,0,0,0,0
1317,32495,1,118,32,2,34,1,1,0,0,0,0,0,0,0,0,0
1318,32581,0,327,12,2,20,0,0,1,0,0,0,0,0,0,0,0
1319,32582,1,131,14,2,22,0,0,0,0,2,0,0,0,0,0,0
1320,32618,1,138,10,1,10,0,0,0,0,0,0,0,0,0,0,0
1321,32640,0,175,4,6,28,1,0,0,2,0,0,0,0,0,0,0
1322,32677,0,116,14,2,22,1,0,1,0,0,0,0,0,0,0,0
1323,32687,1,348,12,4,26,1,0,0,1,0,0,1,0,0,0,0
1324,32870,1,252,10,11,38,0,2,3,0,1,1,2,0,0,0,1
1325,32873,1,30,14,2,18,1,0,0,0,0,0,0,0,0,0,1
1326,32910,1,256,32,5,46,1,0,2,0,0,2,0,1,0,1,0
1327,33018,1,203,8,1,8,0,0,0,0,0,0,0,0,0,0,0
1328,33045,0,184,2,7,32,0,1,1,1,1,1,0,0,0,0,1
1329,33099,0,320,8,5,26,0,0,1,0,0,1,1,0,0,1,0
1330,33116,1,222,10,1,10,0,0,0,0,0,0,0,0,0,0,0
1331,33129,1,36,8,1,8,0,0,0,0,0,0,0,0,0,0,0
1332,33150,1,42,10,1,10,0,0,0,0,0,0,0,0,0,0,0
1333,33168,1,318,6,10,62,3,1,1,1,0,0,2,0,0,0,1
1334,33264,1,192,12,2,20,0,0,1,0,0,0,0,0,0,0,0
1335,33284,1,442,18,11,42,6,1,4,0,0,0,0,1,0,0,0
1336,33319,1,159,14,2,20,1,1,0,0,0,0,0,0,0,0,0
1337,33326,0,199,22,2,28,0,0,1,0,1,0,0,0,0,0,0
1338,33337,1,141,6,2,8,0,0,0,0,0,0,0,0,0,0,1
1339,33358,1,218,4,11,50,3,0,2,1,0,1,3,0,0,0,0
1340,33375,1,188,10,4,32,2,0,0,1,0,0,0,0,0,0,0
1341,33472,0,189,16,2,20,0,0,1,1,0,0,0,0,0,0,0
1342,33475,1,114,30,4,38,0,1,1,0,1,1,0,0,0,0,0
1343,33482,1,226,10,1,10,0,0,0,0,0,0,0,0,0,0,0
1344,33503,1,271,4,2,6,0,0,0,0,0,0,0,0,0,0,0
1345,33520,1,291,14,1,14,1,0,0,0,0,0,0,0,0,0,0
1346,33574,1,288,6,12,74,3,1,2,1,1,1,1,0,0,0,0
1347,33607,1,363,28,10,68,4,0,2,0,0,1,3,0,0,0,0
1348,33617,0,123,14,5,34,1,0,2,1,1,0,0,1,1,0,0
1349,33636,1,446,8,12,42,1,1,2,0,0,1,2,0,0,0,0
1350,33661,1,242,14,12,72,0,2,6,1,1,1,1,0,0,0,0
1351,33703,1,158,14,2,20,0,1,0,0,0,1,0,0,0,0,0
1352,33768,1,76,8,2,14,0,1,0,0,0,0,0,0,0,0,0
1353,33807,0,239,10,2,12,0,0,0,0,0,0,0,0,0,0,0
1354,33830,1,79,2,1,2,0,0,0,0,0,0,0,0,0,0,0
1355,33835,1,433,28,9,48,3,0,1,1,1,2,1,0,0,0,0
1356,33846,0,337,6,3,14,0,0,0,1,0,0,0,0,0,0,0
1357,33892,1,173,18,2,24,1,0,0,1,0,0,0,0,0,0,0
1358,33900,1,149,34,2,36,0,0,1,1,0,0,0,0,0,0,0
1359,33925,0,395,16,12,78,2,2,1,1,1,2,3,0,0,0,0
1360,33942,1,200,4,5,26,0,1,2,0,0,0,0,0,0,0,0
1361,33945,1,192,14,9,62,2,1,0,0,3,0,2,0,1,0,0
1362,33951,1,278,2,2,6,0,0,0,0,0,0,0,0,0,0,0
1363,34047,1,186,2,2,8,0,0,0,0,0,0,0,0,0,0,0
1364,34059,1,216,24,1,24,1,0,0,0,0,0,0,0,0,0,0
1365,34078,1,194,14,2,18,0,0,1,0,1,0,0,0,0,0,0
1366,34096,1,179,10,9,54,1,1,1,2,1,1,1,0,0,0,0
1367,34135,0,254,16,2,18,1,0,0,0,0,0,1,0,0,0,0
1368,34205,1,292,24,6,40,2,0,3,1,0,0,0,0,0,0,0
1369,34219,1,306,8,6,36,2,0,1,1,0,1,0,1,0,1,1
1370,34221,1,428,10,12,40,3,1,1,0,2,3,1,0,0,0,0
1371,34228,1,267,14,5,30,0,1,1,2,1,0,0,0,0,0,0
1372,34235,1,323,4,10,56,4,1,2,1,1,0,0,0,0,0,0
1373,34262,0,155,16,9,64,1,1,2,2,1,1,1,0,0,0,0
1374,34279,0,251,2,4,24,0,0,1,0,0,0,0,0,0,0,0
1375,34285,1,217,2,2,4,0,0,0,0,0,0,0,0,0,0,0
1376,34287,0,237,6,1,6,0,0,0,0,0,0,0,0,0,0,0
1377,34317,1,231,16,2,20,1,0,1,0,0,0,0,0,0,0,0
1378,34347,1,23,6,1,6,0,0,0,0,0,0,0,0,0,0,0
1379,34372,1,373,14,5,30,1,0,3,0,1,0,0,1,0,0,0
1380,34398,1,51,4,1,4,0,0,0,0,0,0,0,0,0,0,0
1381,34411,1,124,36,2,42,0,0,1,1,0,0,0,0,0,0,0
1382,34429,1,179,10,1,10,0,0,0,0,0,0,0,0,0,0,0
1383,34465,0,309,6,1,6,0,0,0,0,0,0,0,0,0,0,0
1384,34485,1,69,12,1,12,0,0,0,0,0,0,0,0,0,0,0
1385,34509,1,330,10,6,44,1,0,2,0,1,0,1,0,0,0,0
1386,34514,1,74,12,2,18,1,0,0,0,0,0,0,0,0,0,0
1387,34526,0,299,8,2,16,1,0,0,0,0,0,0,0,0,0,0
1388,34540,1,266,16,4,26,0,1,2,0,0,0,1,0,0,0,0
1389,34555,1,360,10,9,56,1,1,1,2,1,1,1,0,0,0,0
1390,34570,0,328,10,2,16,0,0,1,0,0,0,0,0,0,0,0
1391,34578,1,228,12,1,12,0,0,0,0,0,0,0,0,0,0,0
1392,34644,1,74,24,1,24,0,0,1,0,0,0,0,0,0,0,0
1393,34646,1,239,12,2,16,0,1,0,0,0,0,0,0,0,0,0
1394,34689,1,199,4,1,4,0,0,0,0,0,0,0,0,0,0,0
1395,34733,1,348,2,6,26,1,1,0,0,0,0,0,0,0,0,0
1396,34740,1,192,6,4,24,0,0,1,0,0,0,1,0,0,0,0
1397,34764,0,344,10,6,36,0,0,2,1,0,1,0,1,0,1,0
1398,34766,1,159,32,2,40,0,0,0,0,0,1,1,0,0,0,0
1399,34793,0,206,4,10,44,3,1,2,0,1,1,0,0,0,0,1
1400,34814,1,198,10,2,16,0,0,1,0,0,0,0,0,0,0,0
1401,34850,1,86,16,2,20,0,0,0,0,0,0,2,0,0,0,0
1402,34852,0,275,10,4,24,0,0,1,0,1,1,0,0,0,0,0
1403,34860,1,63,16,1,16,0,0,0,1,0,0,0,0,0,0,0
1404,34895,1,388,16,8,48,3,0,4,0,1,0,0,0,0,0,0
1405,34947,1,137,10,5,26,0,0,1,1,2,0,0,1,1,0,0
1406,34978,1,248,30,12,78,6,1,1,3,0,1,0,0,0,0,0
1407,35005,1,384,4,11,68,3,0,3,1,1,0,2,0,0,0,0
1408,35012,0,158,6,7,30,2,0,1,1,1,0,1,0,0,0,1
1409,35026,1,267,16,2,20,0,0,2,0,0,0,0,0,0,0,0
1410,35031,0,127,10,2,14,1,0,0,0,0,0,0,0,0,0,0
1411,35086,0,114,8,2,16,0,1,0,0,0,0,0,0,0,0,0
1412,35126,0,225,26,12,64,3,1,1,3,2,0,2,0,0,0,0
1413,35147,0,189,10,10,56,4,0,1,3,1,0,0,1,0,0,0
1414,35159,1,196,28,1,28,0,0,0,1,0,0,0,0,0,0,0
1415,35187,0,265,14,10,36,2,2,2,0,0,0,3,1,0,0,0
1416,35196,0,181,16,1,16,0,0,0,0,1,0,0,0,0,0,0
1417,35203,1,83,4,1,4,0,0,0,0,0,0,0,0,0,0,0
1418,35204,1,71,4,1,4,0,0,0,0,0,0,0,0,0,0,0
1419,35238,0,101,12,2,16,0,0,1,0,0,0,0,0,0,0,0
1420,35254,0,216,14,6,38,2,2,0,0,0,0,1,0,0,0,0
1421,35283,1,64,16,1,16,0,0,0,1,0,0,0,0,0,0,0
1422,35304,0,184,16,7,40,0,0,4,0,0,1,2,0,0,0,0
1423,35341,1,124,8,5,24,1,0,0,0,1,0,0,0,0,0,0
1424,35375,1,281,16,1,16,0,1,0,0,0,0,0,0,0,0,0
1425,35388,0,124,14,5,42,2,0,0,0,0,1,1,0,0,1,0
1426,35401,1,263,28,8,64,1,0,3,0,1,0,3,2,0,0,0
1427,35494,0,201,28,8,62,0,2,3,0,2,0,1,0,0,0,0
1428,35508,0,258,6,3,16,0,1,0,0,0,0,0,0,0,0,0
1429,35541,1,276,16,2,18,0,0,1,0,0,0,1,0,0,0,0
1430,35553,1,188,10,8,38,0,0,5,1,0,1,0,0,0,0,0
1431,35574,1,128,12,1,12,0,0,0,0,0,0,0,0,0,0,0
1432,35596,1,313,10,4,22,2,0,0,0,1,0,0,0,0,0,0
1433,35608,1,193,12,1,12,0,0,0,0,0,0,0,0,0,0,0
1434,35627,0,40,26,2,28,0,0,0,0,2,0,0,0,1,0,0
1435,35640,1,218,8,4,26,1,0,1,1,0,0,0,0,0,0,0
1436,35651,1,106,6,2,10,0,0,0,0,0,0,0,0,0,0,0
1437,35675,1,290,10,1,10,0,0,0,0,0,0,0,0,0,0,0
1438,35728,0,16,10,1,10,0,0,0,0,0,0,0,0,0,0,1
1439,35736,1,202,10,12,60,2,1,1,2,1,2,2,0,0,0,0
1440,35768,1,62,8,1,8,0,0,0,0,0,0,0,0,0,0,0
1441,35772,1,423,16,9,42,1,1,2,0,3,2,0,0,0,0,0
1442,35781,1,303,14,1,14,0,0,0,0,0,1,0,0,0,0,0
1443,35847,0,45,30,2,38,0,1,0,1,0,0,0,0,0,0,0
1444,35848,0,311,34,1,34,0,0,1,0,0,0,0,0,0,0,0
1445,35868,0,294,14,11,48,4,1,2,2,1,1,0,1,1,1,0
1446,35891,0,262,10,1,10,0,0,0,0,0,0,0,0,0,0,0
1447,35898,1,369,6,8,48,3,0,0,3,1,0,0,0,0,0,0
1448,35934,1,311,12,10,66,1,2,1,1,0,1,2,0,0,0,0
1449,35937,1,255,8,11,40,0,0,4,1,1,1,1,1,1,1,0
1450,35942,1,65,12,2,16,1,0,0,0,0,0,0,0,0,0,0
1451,36002,0,106,2,1,2,0,0,0,0,0,0,0,0,0,0,0
1452,36009,1,317,6,4,22,2,0,1,0,0,0,0,1,0,0,0
1453,36013,1,221,16,2,24,1,0,1,0,0,0,0,0,0,0,0
1454,36017,0,87,2,3,16,1,0,0,0,0,0,1,0,0,0,0
1455,36019,1,395,10,12,54,3,2,2,3,1,0,0,2,0,0,0
1456,36026,1,347,26,12,68,5,1,2,0,0,1,3,0,0,0,0
1457,36075,0,249,2,12,38,1,2,0,1,2,2,0,0,0,0,1
1458,36086,1,197,8,1,8,0,0,0,0,0,0,0,0,0,0,1
1459,36100,1,213,14,11,44,1,1,2,4,0,2,1,0,0,0,0
1460,36132,1,280,26,1,26,0,0,0,1,0,0,0,0,0,0,0
1461,36191,1,182,18,1,18,1,0,0,0,0,0,0,0,0,0,0
1462,36227,1,232,18,11,50,1,2,5,2,1,0,0,0,0,0,0
1463,36242,1,126,2,2,10,0,0,0,0,0,0,0,0,0,0,0
1464,36277,1,67,28,1,28,0,0,1,0,0,0,0,0,0,0,0
1465,36293,0,260,32,6,44,3,3,0,0,0,0,0,0,0,0,0
1466,36364,1,33,28,2,36,0,0,0,0,0,0,2,0,0,0,0
1467,36379,0,148,6,5,36,0,0,2,1,0,1,0,0,0,0,1
1468,36409,0,307,6,2,12,0,0,0,0,0,0,0,0,0,0,0
1469,36418,1,371,16,6,38,0,1,2,0,0,2,1,0,0,0,0
1470,36440,1,242,6,4,16,1,0,0,0,0,0,0,0,0,0,0
1471,36488,1,304,32,2,38,0,2,0,0,0,0,0,0,0,0,0
1472,36500,0,374,12,11,34,1,1,2,1,1,0,0,0,0,0,0
1473,36569,1,270,14,6,38,1,0,1,1,1,0,2,0,0,0,0
1474,36587,1,200,10,2,18,0,0,1,0,0,0,0,0,0,0,0
1475,36588,0,259,12,5,30,1,0,1,0,0,1,1,0,0,0,0
1476,36602,1,297,8,1,8,0,0,0,0,0,0,0,0,0,0,0
1477,36644,1,97,10,2,18,0,0,1,0,0,0,0,0,0,0,0
1478,36711,0,418,16,10,72,5,0,2,0,2,1,0,1,2,0,0
1479,36717,0,148,2,1,2,0,0,0,0,0,0,0,0,0,0,0
1480,36750,1,243,34,11,90,3,1,2,2,0,1,2,0,0,0,0
1481,36812,1,257,10,1,10,0,0,0,0,0,0,0,0,0,0,0
1482,36892,0,80,16,5,28,2,0,1,0,0,2,0,0,0,0,0
1483,36900,1,86,30,5,52,2,0,1,0,0,1,1,0,0,0,0
1484,36902,0,256,12,1,12,0,0,0,0,0,0,0,0,0,0,0
1485,36929,1,308,4,4,26,0,1,0,0,0,2,0,0,0,0,0
1486,36934,1,269,2,10,56,4,0,1,1,0,0,2,1,0,0,0
1487,36956,1,98,6,1,6,0,0,0,0,0,0,0,0,0,0,0
1488,36957,1,376,12,7,38,0,1,2,2,0,1,0,1,0,1,0
1489,37002,1,108,6,4,30,3,0,0,0,0,0,0,0,0,0,0
1490,37005,1,126,10,5,20,1,1,0,1,0,0,0,0,0,0,0
1491,37016,0,134,20,1,20,0,0,0,1,0,0,0,0,0,0,0
1492,37019,1,32,16,1,16,0,0,0,0,1,0,0,0,0,0,0
1493,37054,1,327,6,11,30,3,1,2,1,1,1,0,0,0,0,0
1494,37055,1,104,6,3,22,0,0,1,0,0,0,0,0,0,0,1
1495,37072,0,265,14,2,18,0,0,0,0,1,0,0,0,0,0,1
1496,37130,0,124,2,2,6,0,0,0,0,0,0,0,0,0,0,0
1497,37206,1,71,16,2,20,1,0,0,0,0,0,1,0,0,0,0
1498,37216,1,48,16,3,32,1,0,1,0,1,0,0,0,0,0,0
1499,37232,1,71,14,1,14,0,0,1,0,0,0,0,0,0,0,0
1500,37295,0,231,12,2,16,0,0,1,0,0,0,0,0,0,0,0
1501,37313,1,56,26,1,26,0,0,1,0,0,0,0,0,0,0,0
1502,37330,1,119,12,7,48,2,0,1,0,1,1,1,0,0,0,0
1503,37339,1,58,16,1,16,0,0,0,1,0,0,0,0,0,0,0
1504,37345,1,159,12,1,12,0,0,0,0,0,0,0,0,0,0,0
1505,37386,1,26,14,1,14,0,0,0,0,0,1,0,0,0,0,1
1506,37437,1,256,22,2,28,0,0,0,0,1,0,1,0,0,0,0
1507,37493,1,235,22,2,28,0,0,0,0,2,0,0,0,0,0,1
1508,37534,1,260,14,1,14,0,0,1,0,0,0,0,0,0,0,0
1509,37604,1,45,14,2,22,1,0,0,0,0,0,0,0,0,0,0
1510,37620,0,251,8,2,10,0,0,0,0,0,0,0,0,0,0,0
1511,37643,0,222,8,9,44,1,0,2,0,1,2,1,0,0,0,1
1512,37674,1,430,14,12,84,3,1,2,0,1,5,0,1,0,1,0
1513,37685,1,107,4,2,6,0,0,0,0,0,0,0,0,0,0,0
1514,37705,1,89,6,1,6,0,0,0,0,0,0,0,0,0,0,0
1515,37710,1,291,14,5,34,3,0,0,0,0,0,2,0,0,0,0
1516,37749,1,152,34,5,60,1,1,1,1,0,0,1,0,0,0,0
1517,37782,1,406,16,11,46,4,2,0,0,1,0,4,0,0,0,0
1518,37784,1,177,4,2,8,0,0,0,0,0,0,0,0,0,0,0
1519,37807,1,135,6,2,12,0,0,0,0,0,0,0,0,0,0,0
1520,37819,1,368,4,11,66,3,0,2,2,0,1,2,0,0,0,0
1521,37923,0,286,12,9,58,4,1,3,0,0,0,0,0,0,0,0
1522,37954,0,69,6,1,6,0,0,0,0,0,0,0,0,0,0,0
1523,38055,1,331,16,12,46,1,5,2,2,0,1,1,0,0,0,0
1524,38062,0,393,12,12,36,4,0,3,0,1,2,1,1,1,1,0
1525,38068,1,262,12,4,30,0,0,1,0,1,0,1,0,0,0,0
1526,38107,1,265,28,1,28,0,0,1,0,0,0,0,0,0,0,0
1527,38109,1,134,12,2,18,0,0,1,0,0,0,0,0,0,0,0
1528,38111,1,311,14,1,14,1,0,0,0,0,0,0,0,0,0,0
1529,38139,0,225,10,8,28,1,0,3,1,1,1,0,2,0,0,0
1530,38168,0,193,16,2,22,0,0,0,1,0,1,0,0,0,1,0
1531,38173,1,418,2,10,48,2,1,2,1,0,1,2,2,0,0,0
1532,38193,1,226,4,1,4,0,0,0,0,0,0,0,0,0,0,0
1533,38218,1,289,24,2,26,0,1,0,0,0,0,1,0,0,0,0
1534,38219,1,347,16,6,50,0,3,0,0,0,0,3,0,0,0,0
1535,38223,0,206,14,2,18,0,0,2,0,0,0,0,0,0,0,0
1536,38249,1,235,2,8,44,1,0,2,0,0,0,0,0,0,0,0
1537,38269,1,152,18,1,18,0,1,0,0,0,0,0,0,0,0,0
1538,38295,0,71,6,3,18,1,0,0,0,0,0,0,0,0,0,1
1539,38330,0,223,12,11,40,4,0,2,0,0,2,1,0,0,0,1
1540,38333,0,362,2,5,24,2,0,0,0,0,1,0,0,0,0,0
1541,38353,1,63,28,1,28,0,0,0,1,0,0,0,0,0,0,0
1542,38368,1,289,10,11,72,1,1,1,1,3,2,0,0,0,0,0
1543,38390,1,295,10,4,32,0,0,0,1,0,1,1,0,0,0,0
1544,38395,0,40,14,2,22,0,1,0,1,0,0,0,0,0,0,0
1545,38404,1,367,16,5,38,0,1,3,0,0,1,0,1,0,0,0
1546,38418,1,303,24,9,76,1,1,2,2,0,0,3,0,0,0,0
1547,38474,0,120,6,1,6,0,0,0,0,0,0,0,0,0,0,0
1548,38480,1,268,4,1,4,0,0,0,0,0,0,0,0,0,0,1
1549,38528,1,99,2,2,6,0,0,0,0,0,0,0,0,0,0,0
1550,38530,0,161,2,1,2,0,0,0,0,0,0,0,0,0,0,1
1551,38531,0,390,30,9,76,2,0,2,2,2,0,1,0,0,0,0
1552,38600,1,235,12,5,38,0,1,2,0,1,0,0,0,0,0,0
1553,38602,1,344,8,4,28,0,1,0,0,1,0,1,0,0,0,0
1554,38658,1,190,8,2,14,0,0,1,0,0,0,0,0,0,0,0
1555,38777,0,74,14,2,20,1,0,1,0,0,0,0,0,0,0,0
1556,38791,1,49,24,3,34,1,0,1,1,0,0,0,0,0,0,0
1557,38816,1,48,22,2,24,1,0,0,0,0,0,1,0,0,0,0
1558,38817,0,262,14,1,14,0,0,0,0,0,0,0,0,0,0,0
1559,38824,1,188,10,7,42,1,1,1,3,0,0,0,0,0,0,0
1560,38825,0,265,32,6,58,1,0,3,0,0,0,2,0,0,0,0
1561,38862,1,165,16,2,22,0,1,1,0,0,0,0,1,0,0,0
1562,38892,1,279,2,12,32,2,0,2,0,0,1,1,0,0,0,1
1563,38898,0,237,2,1,2,0,0,0,0,0,0,0,0,0,0,0
1564,38914,0,90,12,1,12,0,0,0,0,0,0,0,0,0,0,0
1565,38941,1,229,2,2,8,0,0,0,0,0,0,0,0,0,0,0
1566,38963,1,56,2,1,2,0,0,0,0,0,0,0,0,0,0,0
1567,38965,1,237,14,1,14,1,0,0,0,0,0,0,0,0,0,0
1568,38968,1,273,24,2,32,1,0,0,0,0,1,0,0,0,0,0
1569,38993,0,310,16,4,32,2,0,0,0,1,0,1,0,0,0,0
1570,39009,1,293,10,2,14,0,0,1,0,0,0,0,0,0,0,1
1571,39020,1,388,16,12,52,3,2,1,1,1,1,3,0,0,0,0
1572,39029,1,44,34,2,40,0,0,1,0,0,0,1,0,0,0,0
1573,39030,1,72,10,2,14,1,0,0,0,0,0,0,0,0,0,0
1574,39066,1,171,2,2,4,0,0,0,0,0,0,0,0,0,0,1
1575,39109,1,74,8,3,18,0,0,0,0,2,0,0,0,0,0,0
1576,39124,1,172,6,1,6,0,0,0,0,0,0,0,0,0,0,1
1577,39139,0,33,16,1,16,0,0,0,0,0,0,1,0,0,0,0
1578,39144,0,16,14,1,14,0,0,0,0,0,1,0,0,0,0,0
1579,39176,0,117,2,2,4,0,0,0,0,0,0,0,0,0,0,0
1580,39196,1,264,14,1,14,0,0,0,1,0,0,0,0,0,0,0
1581,39287,1,222,14,1,14,0,0,0,1,0,0,0,0,0,0,0
1582,39302,1,221,32,4,56,2,1,0,0,0,0,1,0,0,0,0
1583,39325,1,240,10,1,10,0,0,0,0,0,0,0,0,0,0,0
1584,39333,1,96,32,2,38,1,0,0,0,0,0,1,0,0,0,0
1585,39424,1,191,10,1,10,0,0,0,0,0,0,0,0,0,0,0
1586,39434,0,189,8,6,26,3,0,0,1,0,0,1,0,0,0,0
1587,39447,1,185,16,6,32,1,0,1,2,0,1,1,0,0,0,0
1588,39470,1,198,2,1,2,0,0,0,0,0,0,0,0,0,0,0
1589,39486,1,272,2,7,40,0,0,1,0,1,0,2,0,0,0,1
1590,39504,1,269,10,1,10,0,0,0,0,0,0,0,0,0,0,0
1591,39513,1,85,24,1,24,0,0,0,0,0,1,0,0,0,0,0
1592,39533,0,262,14,1,14,0,0,0,0,0,1,0,0,0,0,0
1593,39539,1,46,8,1,8,0,0,0,0,0,0,0,0,0,0,0
1594,39549,1,150,16,1,16,0,0,1,0,0,0,0,0,0,0,0
1595,39583,1,308,34,1,34,0,0,0,0,0,1,0,0,0,0,0
1596,39592,1,324,8,2,16,0,0,1,0,0,0,0,0,0,0,0
1597,39597,1,226,24,7,66,2,0,2,1,0,2,0,0,0,0,0
1598,39603,1,208,32,2,34,0,0,2,0,0,0,0,0,0,0,0
1599,39612,1,164,12,4,28,2,0,0,0,0,1,0,0,0,0,0
1600,39664,0,90,8,2,12,0,0,0,0,0,0,0,0,0,0,0
1601,39673,0,278,18,2,20,1,0,1,0,0,0,0,1,0,0,0
1602,39732,1,28,20,1,20,0,0,0,0,1,0,0,0,0,0,0
1603,39738,1,46,6,2,8,0,0,0,0,0,0,0,0,0,0,0
1604,39748,1,190,32,1,32,0,0,0,1,0,0,0,0,0,0,0
1605,39766,0,164,10,1,10,0,0,0,0,0,0,0,0,0,0,0
1606,39818,1,218,14,4,30,0,2,1,0,1,0,0,1,1,0,0
1607,39896,1,212,2,1,2,0,0,0,0,0,0,0,0,0,0,0
1608,39910,0,35,4,2,6,0,0,0,0,0,0,0,0,0,0,0
1609,39965,1,84,12,3,22,0,0,1,0,0,0,1,0,0,0,0
1610,39971,0,179,4,11,36,1,1,2,2,0,1,0,1,0,0,0
1611,40007,1,299,6,2,14,1,0,0,0,0,0,0,0,0,0,0
1612,40009,1,168,14,1,14,1,0,0,0,0,0,0,0,0,0,0
1613,40020,0,249,2,3,8,0,0,0,0,0,0,0,0,0,0,0
1614,40023,0,245,16,1,16,0,0,0,0,1,0,0,0,0,0,0
1615,40052,1,83,36,1,36,1,0,0,0,0,0,0,0,0,0,0
1616,40075,1,32,8,2,16,1,0,0,0,0,0,0,0,0,0,0
1617,40088,1,100,4,2,12,0,0,0,0,0,0,0,0,0,0,0
1618,40118,0,154,16,1,16,0,0,0,0,0,1,0,0,0,0,0
1619,40166,1,36,6,2,10,0,0,0,0,0,0,0,0,0,0,0
1620,40202,1,89,4,1,4,0,0,0,0,0,0,0,0,0,0,0
1621,40219,1,15,16,1,16,1,0,0,0,0,0,0,0,0,0,0
1622,40243,0,122,10,2,16,0,1,0,0,0,0,0,0,0,0,0
1623,40275,1,152,14,2,20,0,0,1,0,0,0,0,0,0,0,0
1624,40289,1,146,12,1,12,0,0,0,0,0,0,0,0,0,0,0
1625,40297,1,199,20,1,20,1,0,0,0,0,0,0,0,0,0,0
1626,40391,1,136,12,2,18,1,0,0,0,0,0,0,0,0,0,0
1627,40430,1,212,22,1,22,0,0,1,0,0,0,0,0,0,0,0
1628,40456,1,150,4,5,16,0,0,0,0,1,0,1,0,0,0,0
1629,40463,1,116,16,5,30,2,0,0,1,0,1,1,0,0,1,1
1630,40480,0,237,6,8,40,3,0,1,0,2,0,1,0,0,0,1
1631,40481,0,264,2,4,26,0,1,2,0,0,0,0,1,0,0,1
1632,40544,1,321,2,2,6,0,0,0,0,0,0,0,0,0,0,0
1633,40552,1,118,6,6,30,2,0,1,0,0,0,1,0,0,0,0
1634,40613,0,382,6,8,40,3,0,2,0,0,1,0,0,0,0,0
1635,40656,1,283,8,2,14,0,0,1,0,0,0,0,0,0,0,0
1636,40658,0,338,14,7,52,3,0,3,0,0,0,1,1,0,0,0
1637,40684,1,254,8,2,12,0,0,0,0,0,0,0,0,0,0,0
1638,40696,1,268,10,1,10,0,0,0,0,0,0,0,0,0,0,0
1639,40709,0,46,14,2,16,1,0,1,0,0,0,0,1,0,0,1
1640,40715,1,310,16,4,24,0,0,2,1,1,0,0,0,0,0,0
1641,40721,1,239,28,2,30,0,0,1,1,0,0,0,0,0,0,0
1642,40741,0,95,14,1,14,0,0,1,0,0,0,0,0,0,0,0
1643,40893,1,96,2,2,6,0,0,0,0,0,0,0,0,0,0,0
1644,40895,1,229,4,1,4,0,0,0,0,0,0,0,0,0,0,0
1645,40907,1,133,14,2,22,1,0,1,0,0,0,0,0,0,0,0
1646,40957,0,225,14,2,18,0,0,1,0,0,0,0,0,0,0,0
1647,40985,0,318,12,2,16,0,0,1,0,0,0,0,0,0,0,0
1648,41063,1,303,8,9,50,2,1,0,2,2,0,0,0,1,0,0
1649,41098,1,352,14,12,52,0,1,3,3,2,1,2,0,0,0,0
1650,41123,0,197,2,11,34,2,0,3,1,0,1,0,0,0,0,0
1651,41138,1,130,16,1,16,1,0,0,0,0,0,0,0,0,0,0
1652,41165,0,311,2,2,8,0,0,0,0,0,0,0,0,0,0,0
1653,41186,1,369,18,11,78,0,0,3,4,0,2,2,0,0,0,0
1654,41222,1,380,2,12,72,2,1,3,0,0,1,3,0,0,0,0
1655,41226,1,174,16,2,24,1,0,0,1,0,0,0,0,0,0,0
1656,41230,1,204,2,2,10,0,0,0,0,0,0,0,0,0,0,0
1657,41235,1,95,10,1,10,0,0,0,0,0,0,0,0,0,0,0
1658,41275,1,181,10,2,18,1,0,0,0,0,0,0,0,0,0,0
1659,41277,1,179,26,2,32,0,1,0,0,1,0,0,0,0,0,0
1660,41284,1,375,26,10,72,2,2,2,1,1,2,0,1,1,2,0
1661,41322,0,365,16,10,66,1,4,3,0,0,2,0,0,0,0,0
1662,41332,0,76,12,4,36,1,1,0,1,0,0,0,0,0,0,0
1663,41377,1,139,2,2,10,0,0,0,0,0,0,0,0,0,0,0
1664,41411,1,312,14,2,22,0,0,1,0,0,1,0,0,0,0,0
1665,41421,1,60,22,2,28,1,0,1,0,0,0,0,0,0,0,0
1666,41499,1,270,24,2,30,0,0,0,1,1,0,0,0,0,0,0
1667,41509,1,92,20,4,34,1,0,2,0,0,0,1,1,0,0,0
1668,41517,1,269,14,10,64,0,0,1,2,1,3,2,0,0,0,1
1669,41524,0,55,28,2,36,0,1,1,0,0,0,0,0,0,0,0
1670,41550,0,117,8,2,12,0,0,0,0,0,0,0,0,0,0,0
1671,41562,1,166,30,1,30,0,0,0,1,0,0,0,0,0,0,0
1672,41581,0,212,8,5,20,1,1,0,0,1,0,0,0,0,0,0
1673,41598,1,185,2,6,28,0,0,1,1,0,1,0,0,0,0,1
1674,41620,0,217,10,5,26,1,1,0,0,0,1,1,0,0,0,0
1675,41643,0,86,10,1,10,0,0,0,0,0,0,0,0,0,0,0
1676,41690,1,352,6,11,66,0,0,2,1,0,1,5,2,0,0,1
1677,41823,1,155,10,9,34,2,1,2,2,0,0,0,2,0,0,0
1678,41873,1,422,4,10,54,4,1,1,0,1,1,1,0,0,0,0
1679,41954,0,218,12,1,12,0,0,0,0,0,0,0,0,0,0,0
1680,41971,1,190,28,2,36,1,0,1,0,0,0,0,0,0,0,0
1681,41976,1,349,16,12,42,2,0,2,2,0,3,3,0,0,0,1
1682,42029,0,364,12,11,36,2,0,2,2,2,0,2,2,1,0,0
1683,42052,1,192,14,9,62,1,1,2,0,3,1,1,1,2,1,1
1684,42083,1,283,20,1,20,0,0,1,0,0,0,0,0,0,0,0
1685,42086,0,125,2,2,10,0,0,0,0,0,0,0,0,0,0,1
1686,42095,0,320,28,2,34,0,0,0,1,1,0,0,0,0,0,0
1687,42108,1,240,28,1,28,0,0,1,0,0,0,0,0,0,0,0
1688,42114,1,192,16,2,20,1,0,1,0,0,0,0,1,0,0,0
1689,42126,1,68,10,3,20,0,2,0,0,0,0,0,0,0,0,0
1690,42135,1,170,14,1,14,1,0,0,0,0,0,0,0,0,0,0
1691,42218,1,206,36,2,44,1,0,0,1,0,0,0,0,0,0,0
1692,42237,1,320,10,9,38,1,0,3,1,1,2,0,0,0,0,0
1693,42247,0,121,2,1,2,0,0,0,0,0,0,0,0,0,0,0
1694,42290,0,45,16,1,16,0,0,1,0,0,0,0,0,0,0,0
1695,42333,0,145,2,1,2,0,0,0,0,0,0,0,0,0,0,1
1696,42334,1,130,10,2,14,0,0,1,0,0,0,0,0,0,0,0
1697,42343,1,73,14,1,14,1,0,0,0,0,0,0,0,0,0,0
1698,42374,1,290,26,12,86,2,2,2,1,4,1,0,0,0,0,0
1699,42396,1,435,28,11,64,2,1,1,4,0,2,1,0,0,0,0
1700,42450,0,286,12,1,12,0,0,0,0,0,0,0,0,0,0,0
1701,42453,0,218,2,1,2,0,0,0,0,0,0,0,0,0,0,0
1702,42455,1,381,14,8,46,2,0,4,1,0,0,1,2,0,0,0
1703,42456,1,106,20,5,46,0,1,2,0,0,1,1,0,0,0,1
1704,42481,1,213,10,5,38,1,0,0,0,1,1,1,0,0,0,0
1705,42488,0,25,18,1,18,0,0,1,0,0,0,0,0,0,0,0
1706,42491,0,96,28,1,28,0,0,0,0,0,0,1,0,0,0,0
1707,42535,1,157,10,1,10,0,0,0,0,0,0,0,0,0,0,0
1708,42612,1,301,22,2,30,0,0,1,0,1,0,0,0,0,0,0
1709,42621,1,277,4,2,12,0,0,0,0,0,0,0,0,0,0,1
1710,42656,1,90,4,1,4,0,0,0,0,0,0,0,0,0,0,0
1711,42678,1,170,10,2,14,0,0,0,1,0,0,0,0,0,0,0
1712,42707,1,153,16,9,38,2,1,3,1,1,0,1,0,0,0,0
1713,42743,1,367,10,12,60,2,2,1,1,0,2,2,0,0,0,1
1714,42785,1,25,4,1,4,0,0,0,0,0,0,0,0,0,0,0
1715,42793,1,321,32,2,38,1,0,0,0,0,1,0,0,0,0,0
1716,42807,1,212,12,2,16,0,1,0,0,0,0,0,0,0,0,0
1717,42837,1,261,28,1,28,1,0,0,0,0,0,0,0,0,0,0
1718,42853,0,268,6,1,6,0,0,0,0,0,0,0,0,0,0,0
1719,42859,1,76,2,1,2,0,0,0,0,0,0,0,0,0,0,0
1720,42874,1,290,2,9,22,1,1,1,0,0,1,0,1,0,0,0
1721,42970,0,379,26,9,52,3,1,1,1,0,1,2,0,0,0,0
1722,42971,1,347,24,11,58,4,1,2,2,0,1,1,0,0,0,0
1723,43010,0,258,16,1,16,0,0,0,0,1,0,0,0,0,0,0
1724,43014,0,288,18,5,46,1,0,3,0,0,1,0,0,0,0,0
1725,43020,1,404,14,11,60,1,1,5,1,1,0,2,1,0,0,0
1726,43041,1,142,10,2,16,0,0,0,0,1,0,0,0,0,0,1
1727,43044,1,36,8,2,16,1,0,0,0,0,0,0,0,0,0,0
1728,43046,1,255,10,1,10,0,0,0,0,0,0,0,0,0,0,0
1729,43061,1,189,2,4,22,0,1,0,1,0,0,0,0,0,0,0
1730,43084,0,336,14,6,32,1,0,2,2,0,0,1,0,0,0,0
1731,43094,1,93,14,2,16,0,0,2,0,0,0,0,1,0,0,0
1732,43106,1,396,16,11,50,3,2,2,2,0,1,1,0,0,0,0
1733,43143,1,316,2,9,32,0,1,2,0,0,0,0,1,0,0,0
1734,43175,1,397,10,10,64,1,1,1,0,2,2,0,0,0,0,0
1735,43200,1,244,16,6,42,2,0,2,0,2,0,0,0,0,0,0
1736,43229,1,209,12,2,14,1,0,0,0,0,0,0,0,0,0,0
1737,43238,0,308,20,12,70,4,0,1,3,1,2,1,0,0,0,0
1738,43307,1,234,34,2,36,1,0,0,0,0,0,1,0,0,0,0
1739,43334,1,313,12,1,12,0,0,0,0,0,0,0,0,0,0,0
1740,43374,1,112,16,1,16,1,0,0,0,0,0,0,0,0,0,1
1741,43407,0,191,12,4,34,0,0,2,1,0,0,0,0,0,0,0
1742,43433,1,261,12,1,12,0,0,0,0,0,0,0,0,0,0,0
1743,43467,1,61,12,3,30,1,0,0,0,0,0,1,0,0,0,0
1744,43469,0,153,18,2,22,0,0,0,0,0,0,2,0,0,0,0
1745,43497,0,370,14,6,30,1,0,2,0,2,0,1,0,0,0,0
1746,43537,1,44,6,1,6,0,0,0,0,0,0,0,0,0,0,0
1747,43539,1,179,14,11,62,3,0,4,1,0,2,1,0,0,0,0
1748,43548,1,216,10,1,10,0,0,0,0,0,0,0,0,0,0,0
1749,43549,1,166,32,9,68,3,0,2,1,1,1,1,0,0,0,0
1750,43573,1,202,20,1,20,0,0,1,0,0,0,0,0,0,0,0
1751,43597,0,277,14,6,46,0,0,3,2,0,1,0,0,0,0,0
1752,43603,1,212,14,6,28,1,1,0,1,1,0,2,0,0,0,0
1753,43608,1,152,16,1,16,0,0,1,0,0,0,0,0,0,0,0
1754,43621,1,213,32,9,60,1,1,4,1,1,1,0,1,0,0,0
1755,43625,0,38,6,2,14,0,1,0,0,0,0,0,0,0,0,0
1756,43628,0,75,4,2,12,0,0,0,0,0,0,0,0,0,0,0
1757,43645,1,173,16,2,20,1,1,0,0,0,0,0,0,0,0,0
1758,43649,1,81,16,1,16,1,0,0,0,0,0,0,0,0,0,0
1759,43678,1,257,2,1,2,0,0,0,0,0,0,0,0,0,0,0
1760,43715,1,240,12,2,16,0,1,0,0,0,0,0,0,0,0,0
1761,43727,1,63,34,2,40,1,0,0,0,0,0,1,0,0,0,0
1762,43741,1,160,14,3,28,0,0,1,0,1,0,0,0,0,0,0
1763,43776,0,328,12,2,18,1,0,0,0,0,0,0,0,0,0,1
1764,43792,1,361,6,12,44,1,0,1,0,1,2,1,1,0,1,1
1765,43816,1,257,10,5,24,0,0,0,1,0,0,0,0,0,0,0
1766,43856,1,129,26,5,44,0,0,1,0,1,0,3,1,1,0,0
1767,43873,1,185,10,8,42,1,1,2,1,1,1,0,1,0,1,0
1768,43892,1,230,4,2,8,0,0,0,0,0,0,0,0,0,0,0
1769,43917,1,273,12,1,12,0,0,0,0,0,0,0,0,0,0,0
1770,43950,1,245,4,4,18,0,1,0,0,0,1,0,0,0,0,0
1771,43957,0,308,20,1,20,0,0,0,0,0,0,1,0,0,0,0
1772,43962,0,168,2,9,20,0,0,2,1,0,0,0,0,0,0,1
1773,43976,1,100,26,1,26,0,0,0,0,0,1,0,0,0,0,0
1774,43982,0,83,30,2,36,0,0,2,0,0,0,0,0,0,0,0
1775,43991,0,111,2,4,14,0,0,1,0,0,0,0,0,0,0,0
1776,44018,0,245,20,2,22,0,0,1,0,0,1,0,0,0,0,0
1777,44082,1,329,16,6,38,5,0,0,0,1,0,0,0,0,0,0
1778,44092,1,92,14,1,14,0,0,0,0,0,0,0,0,0,0,0
1779,44148,1,290,10,9,62,2,1,4,0,1,0,0,1,0,0,0
1780,44228,1,109,18,2,22,0,1,1,0,0,0,0,1,0,0,0
1781,44282,1,160,8,3,20,2,0,0,0,0,0,0,0,0,0,0
1782,44287,1,113,4,1,4,0,0,0,0,0,0,0,0,0,0,0
1783,44307,1,266,6,7,38,2,1,1,0,0,0,0,0,0,0,0
1784,44308,0,237,14,12,52,4,0,4,1,0,0,3,0,0,0,0
1785,44319,1,313,14,1,14,0,0,0,1,0,0,0,0,0,0,0
1786,44330,0,210,34,2,42,0,0,2,0,0,0,0,1,0,0,0
1787,44357,1,146,12,2,18,0,1,0,0,0,0,0,0,0,0,0
1788,44374,1,114,2,1,2,0,0,0,0,0,0,0,0,0,0,1
1789,44420,1,185,14,2,16,0,1,0,0,0,0,0,0,0,0,0
1790,44421,1,119,8,1,8,0,0,0,0,0,0,0,0,0,0,0
1791,44494,1,161,10,2,18,0,1,0,0,0,0,0,0,0,0,0
1792,44501,0,44,16,1,16,0,0,0,1,0,0,0,0,0,0,0
1793,44520,1,340,14,4,30,0,0,2,0,0,2,0,0,0,0,0
1794,44533,1,194,12,1,12,0,0,0,0,0,0,0,0,0,0,0
1795,44577,1,325,4,3,20,0,0,0,0,0,0,1,0,0,0,0
1796,44592,1,52,8,2,10,0,0,0,0,0,0,0,0,0,0,0
1797,44600,1,67,10,1,10,0,0,0,0,0,0,0,0,0,0,0
1798,44658,1,127,8,2,16,0,0,1,0,0,0,0,0,0,0,0
1799,44664,1,274,6,10,28,2,0,1,0,2,1,0,1,1,1,0
1800,44819,0,148,16,2,22,0,0,0,0,0,0,2,0,0,0,0
1801,44853,1,216,2,12,52,2,0,1,1,1,1,2,0,0,0,0
1802,44903,1,231,10,1,10,0,0,0,0,0,0,0,0,0,0,0
1803,44909,1,260,6,5,20,0,0,0,1,1,1,0,0,0,0,0
1804,44948,1,427,34,9,62,2,0,1,1,1,2,2,0,0,0,1
1805,44950,1,157,14,1,14,0,0,1,0,0,0,0,0,0,0,0
1806,44983,1,288,14,6,46,1,2,0,1,0,0,1,0,0,0,0
1807,45002,0,127,12,2,20,0,0,1,0,0,0,0,0,0,0,0
1808,45007,0,138,16,2,18,0,0,0,0,0,1,1,0,0,0,0
1809,45015,1,292,12,2,14,0,1,0,0,0,0,0,0,0,0,0
1810,45064,1,50,2,1,2,0,0,0,0,0,0,0,0,0,0,0
1811,45075,1,54,14,1,14,0,0,1,0,0,0,0,0,0,0,0
1812,45106,0,171,12,2,16,0,0,0,0,0,1,0,0,0,0,1
1813,45149,0,306,6,2,12,0,0,0,0,0,0,0,0,0,0,0
1814,45171,1,272,14,1,14,0,0,1,0,0,0,0,0,0,0,0
1815,45175,1,120,8,1,8,0,0,0,0,0,0,0,0,0,0,0
1816,45195,0,44,14,2,16,2,0,0,0,0,0,0,0,0,0,0
1817,45198,1,76,12,1,12,0,0,0,0,0,0,0,0,0,0,0
1818,45227,1,165,16,1,16,0,1,0,0,0,0,0,0,0,0,1
1819,45254,1,120,12,1,12,0,0,0,0,0,0,0,0,0,0,0
1820,45303,0,339,12,7,48,1,0,2,1,0,1,0,1,0,1,1
1821,45305,0,215,4,5,18,1,0,1,0,0,0,0,0,0,0,0
1822,45315,0,78,24,2,28,0,0,0,2,0,0,0,0,0,0,0
1823,45325,1,96,18,2,20,0,0,0,1,0,0,1,0,0,0,1
1824,45368,0,52,4,1,4,0,0,0,0,0,0,0,0,0,0,0
1825,45382,0,29,16,1,16,0,0,0,1,0,0,0,0,0,0,0
1826,45428,1,338,10,6,38,0,0,1,2,0,1,1,0,0,0,0
1827,45475,1,54,28,1,28,0,0,1,0,0,0,0,0,0,0,0
1828,45493,1,278,32,2,40,1,0,0,0,0,1,0,0,0,0,0
1829,45523,0,310,16,1,16,0,0,0,1,0,0,0,0,0,0,0
1830,45543,1,251,24,2,28,0,0,0,0,0,2,0,0,0,0,0
1831,45559,1,111,12,2,16,0,1,0,0,0,0,0,0,0,0,0
1832,45591,0,275,4,9,22,0,1,1,1,1,0,0,1,0,0,1
1833,45599,1,135,10,5,24,0,0,1,0,1,0,1,0,1,0,0
1834,45626,1,288,14,2,16,0,0,0,0,2,0,0,0,0,0,0
1835,45672,1,24,4,1,4,0,0,0,0,0,0,0,0,0,0,0
1836,45682,0,336,16,10,56,2,0,3,3,0,2,0,0,0,0,1
1837,45683,1,222,12,10,54,3,2,3,1,0,0,0,0,0,0,0
1838,45707,1,96,8,2,10,0,0,0,0,0,0,0,0,0,0,0
1839,45735,1,113,34,6,56,1,1,2,0,1,0,1,1,0,0,0
1840,45803,1,310,14,1,14,0,0,0,0,0,0,0,0,0,0,0
1841,45839,1,90,14,2,16,0,0,2,0,0,0,0,1,0,0,0
1842,45860,1,235,6,2,10,0,0,0,0,0,0,0,0,0,0,0
1843,45881,0,404,36,8,56,1,2,1,1,1,1,1,1,1,1,0
1844,45898,1,59,32,2,34,0,0,0,1,1,0,0,0,0,0,0
1845,45922,1,155,12,1,12,0,0,0,0,0,0,0,0,0,0,0
1846,45927,0,156,20,2,24,0,1,0,0,1,0,0,0,0,0,0
1847,45964,1,287,26,1,26,0,1,0,0,0,0,0,0,0,0,0
1848,46049,1,264,2,8,48,1,0,0,1,1,2,1,0,0,0,1
1849,46069,1,69,12,2,18,1,0,0,0,0,0,0,0,0,0,0
1850,46074,0,146,2,2,8,0,0,0,0,0,0,0,0,0,0,0
1851,46085,1,218,16,2,22,0,0,1,0,0,0,1,0,0,0,0
1852,46118,0,173,32,4,52,0,1,1,0,1,0,1,0,0,0,0
1853,46170,1,292,6,11,62,3,0,2,0,1,0,3,0,0,0,0
1854,46172,0,207,30,10,90,0,0,0,4,4,1,1,0,0,0,0
1855,46181,0,120,14,2,16,0,0,0,0,0,0,1,0,0,0,0
1856,46239,1,22,24,1,24,0,1,0,0,0,0,0,0,0,0,0
1857,46311,0,254,12,4,24,2,0,0,1,0,0,0,0,0,0,0
1858,46315,1,325,16,2,20,1,1,0,0,0,0,0,0,0,0,0
1859,46349,1,186,34,1,34,0,0,0,0,1,0,0,0,0,0,0
1860,46386,1,250,4,1,4,0,0,0,0,0,0,0,0,0,0,0
1861,46488,1,237,18,12,82,1,0,7,2,2,0,0,0,0,0,0
1862,46500,1,276,2,5,26,0,1,1,0,0,0,0,0,0,0,0
1863,46513,0,300,14,1,14,0,0,1,0,0,0,0,0,0,0,0
1864,46536,0,254,34,3,44,0,0,2,0,0,0,1,1,0,0,0
1865,46542,1,159,14,2,16,0,2,0,0,0,0,0,0,0,0,0
1866,46557,1,140,8,9,54,1,0,2,1,1,1,2,0,0,0,1
1867,46611,0,278,10,5,26,1,0,0,0,1,0,1,0,0,0,0
1868,46618,1,217,30,1,30,0,1,0,0,0,0,0,0,0,0,0
1869,46636,1,426,10,12,62,2,2,2,0,0,4,1,0,0,0,1
1870,46652,1,137,6,1,6,0,0,0,0,0,0,0,0,0,0,0
1871,46668,1,327,8,2,12,0,0,0,0,0,0,0,0,0,0,0
1872,46689,1,128,4,3,12,0,0,0,0,0,0,0,0,0,0,1
1873,46690,1,277,2,5,24,1,0,0,0,0,0,0,0,0,0,0
1874,46714,1,319,12,8,28,1,0,1,1,2,0,0,0,1,0,0
1875,46731,0,171,2,1,2,0,0,0,0,0,0,0,0,0,0,0
1876,46862,1,49,14,1,14,1,0,0,0,0,0,0,0,0,0,0
1877,46869,1,137,10,2,14,0,0,1,0,0,0,0,0,0,0,0
1878,46881,1,146,18,1,18,1,0,0,0,0,0,0,0,0,0,0
1879,46888,1,251,8,2,14,0,1,0,0,0,0,0,0,0,0,0
1880,46929,1,50,4,2,8,0,0,0,0,0,0,0,0,0,0,0
1881,46957,1,244,4,6,24,0,1,0,0,0,1,0,0,0,0,1
1882,46960,0,429,22,11,78,2,1,1,0,2,3,2,0,0,0,0
1883,46970,1,315,16,2,18,1,1,0,0,0,0,0,0,0,0,0
1884,47003,1,245,12,1,12,0,0,0,0,0,0,0,0,0,0,1
1885,47036,1,182,32,9,82,1,1,3,0,1,1,2,1,0,0,0
1886,47041,0,101,16,2,20,0,0,1,0,0,1,0,0,0,0,0
1887,47061,1,214,4,2,10,0,0,0,0,0,0,0,0,0,0,0
1888,47104,1,39,18,2,22,1,0,0,1,0,0,0,0,0,0,0
1889,47107,1,104,8,2,12,0,0,0,0,0,0,0,0,0,0,0
1890,47170,1,297,22,8,48,3,1,1,0,1,0,2,1,1,0,1
1891,47197,1,214,28,2,34,0,0,1,0,0,1,0,0,0,0,0
1892,47207,1,106,12,1,12,0,0,0,0,0,0,0,0,0,0,0
1893,47230,1,106,6,1,6,0,0,0,0,0,0,0,0,0,0,0
1894,47256,1,393,6,8,54,0,0,3,0,1,0,3,2,0,0,0
1895,47262,1,364,6,6,18,1,1,1,0,0,0,0,0,0,0,0
1896,47283,0,148,12,1,12,0,0,0,0,0,0,0,0,0,0,0
1897,47322,1,264,16,1,16,0,1,0,0,0,0,0,0,0,0,0
1898,47341,1,111,10,1,10,0,0,0,0,0,0,0,0,0,0,0
1899,47342,0,475,4,12,70,1,2,1,1,1,2,3,0,0,0,0
1900,47344,0,380,26,8,66,1,1,1,0,1,1,3,0,0,0,0
1901,47369,0,274,12,6,32,2,0,1,0,0,0,2,1,0,0,1
1902,47382,1,302,26,2,30,1,0,1,0,0,0,0,0,0,0,0
1903,47385,1,204,2,2,10,0,0,0,0,0,0,0,0,0,0,0
1904,47409,0,20,34,1,34,1,0,0,0,0,0,0,0,0,0,0
1905,47418,1,204,8,1,8,0,0,0,0,0,0,0,0,0,0,0
1906,47421,1,170,4,1,4,0,0,0,0,0,0,0,0,0,0,0
1907,47433,0,113,16,1,16,1,0,0,0,0,0,0,0,0,0,0
1908,47463,0,260,20,2,24,0,1,1,0,0,0,0,1,0,0,0
1909,47468,0,97,6,1,6,0,0,0,0,0,0,0,0,0,0,0
1910,47470,1,128,22,6,48,2,1,0,0,0,0,3,0,0,0,0
1911,47690,0,74,6,1,6,0,0,0,0,0,0,0,0,0,0,0
1912,47693,0,88,6,1,6,0,0,0,0,0,0,0,0,0,0,0
1913,47731,1,40,12,2,14,1,0,0,0,0,0,0,0,0,0,0
1914,47771,1,338,24,9,60,0,1,1,1,1,1,4,0,0,0,0
1915,47779,0,329,10,2,14,0,0,0,0,0,1,0,0,0,0,1
1916,47801,1,97,10,1,10,0,0,0,0,0,0,0,0,0,0,0
1917,47835,1,151,32,2,38,0,0,1,0,1,0,0,0,0,0,0
1918,47875,1,465,10,12,52,2,2,4,0,1,0,2,0,0,0,0
1919,47916,0,91,14,1,14,0,0,0,0,0,1,0,0,0,0,0
1920,47986,1,282,14,2,20,0,0,2,0,0,0,0,0,0,0,0
1921,48031,1,461,10,11,58,3,0,1,2,1,1,2,0,0,0,0
1922,48036,1,67,6,1,6,0,0,0,0,0,0,0,0,0,0,0
1923,48043,1,303,8,5,36,2,1,1,0,0,0,0,0,0,0,0
1924,48048,0,379,22,11,80,1,2,3,2,1,0,2,0,0,0,0
1925,48089,1,371,14,11,64,3,3,2,0,1,1,1,0,0,0,0
1926,48127,1,43,12,1,12,0,0,0,0,0,0,0,0,0,0,0
1927,48200,1,236,14,12,46,4,0,2,1,1,0,3,0,0,0,0
1928,48280,0,327,4,2,8,0,0,0,0,0,0,0,0,0,0,1
1929,48297,1,236,2,6,20,2,0,0,0,0,0,0,0,0,0,0
1930,48311,1,78,10,2,12,0,0,0,0,0,0,0,0,0,0,0
1931,48314,1,287,10,4,22,0,0,1,1,0,0,1,0,0,0,0
1932,48322,0,299,28,1,28,0,0,0,0,0,0,1,0,0,0,0
1933,48326,1,142,14,8,58,1,1,2,1,1,1,1,0,0,0,0
1934,48347,1,369,10,6,44,1,1,0,0,0,2,1,0,0,0,0
1935,48354,1,392,28,11,90,0,2,4,2,0,2,1,2,0,1,0
1936,48364,1,235,14,1,14,0,0,0,0,1,0,0,0,0,0,0
1937,48374,1,32,4,2,12,0,0,0,0,0,0,0,0,0,0,0
1938,48384,1,172,30,7,48,1,0,2,1,0,1,2,0,0,0,0
1939,48391,1,207,12,2,18,0,0,0,1,0,0,0,0,0,0,0
1940,48393,1,173,16,4,38,0,1,1,0,1,1,0,0,0,0,0
1941,48397,1,404,14,11,64,3,1,1,2,0,4,0,0,0,0,0
1942,48471,0,244,12,1,12,0,0,0,0,0,0,0,0,0,0,0
1943,48491,0,284,6,4,16,1,1,0,0,0,0,0,0,0,0,0
1944,48494,0,238,10,11,34,1,1,1,2,1,1,3,0,0,0,1
1945,48509,1,98,14,5,30,2,2,0,0,0,1,0,0,0,0,0
1946,48536,0,173,4,1,4,0,0,0,0,0,0,0,0,0,0,0
1947,48573,1,341,14,7,38,1,0,0,0,0,2,3,0,0,0,1
1948,48597,1,112,14,1,14,0,0,0,1,0,0,0,0,0,0,0
1949,48598,1,389,12,9,36,2,0,3,2,0,0,1,0,0,0,0
1950,48643,1,314,2,6,36,2,0,0,1,1,0,1,0,0,0,0
1951,48659,1,154,10,9,54,1,0,4,1,1,0,1,1,1,0,0
1952,48690,0,149,16,2,20,0,1,0,0,0,1,0,0,0,0,1
1953,48694,0,197,4,2,12,0,0,0,0,0,0,0,0,0,0,1
1954,48708,0,22,16,1,16,0,0,0,0,0,0,1,0,0,0,0
1955,48752,1,249,2,2,8,0,0,0,0,0,0,0,0,0,0,1
1956,48775,1,239,34,12,99,1,2,4,2,0,1,2,0,0,0,0
1957,48797,1,107,22,3,30,1,0,1,0,1,0,0,0,1,0,0
1958,48798,0,154,36,1,36,1,0,0,0,0,0,0,0,0,0,0
1959,48806,0,125,14,3,22,2,0,1,0,0,0,0,1,0,0,0
1960,48829,1,333,24,10,58,2,1,2,1,1,1,2,1,0,1,0
1961,48892,1,416,8,11,36,1,0,4,1,1,0,0,1,1,0,1
1962,48903,1,277,8,2,14,0,1,0,0,0,0,0,0,0,0,0
1963,48931,0,204,12,2,14,1,0,0,0,0,0,0,0,0,0,0
1964,48945,1,142,14,9,66,2,1,2,1,0,2,1,0,0,0,0
1965,48954,1,225,16,4,34,1,0,0,1,1,1,0,0,0,0,0
1966,48975,1,315,6,3,22,2,0,0,0,0,0,0,0,0,0,0
1967,49042,1,61,18,2,24,1,0,0,1,0,0,0,0,0,0,0
1968,49057,1,280,2,12,38,0,2,4,2,0,0,1,1,0,0,0
1969,49083,1,55,8,2,12,0,0,0,0,0,0,0,0,0,0,0
1970,49094,0,235,16,1,16,1,0,0,0,0,0,0,0,0,0,1
1971,49111,1,80,28,1,28,0,0,0,0,0,0,1,0,0,0,0
1972,49120,1,242,2,2,8,0,0,0,0,0,0,0,0,0,0,0
1973,49140,1,222,26,1,26,0,0,1,0,0,0,0,0,0,0,0
1974,49144,1,55,10,2,18,1,0,0,0,0,0,0,0,0,0,0
1975,49157,1,80,14,2,20,0,0,0,1,0,1,0,0,0,0,0
1976,49163,0,246,34,1,34,1,0,0,0,0,0,0,0,0,0,1
1977,49172,1,314,8,2,16,0,0,1,0,0,0,0,0,0,0,0
1978,49203,1,55,12,2,16,0,1,0,0,0,0,0,0,0,0,0
1979,49211,0,240,10,11,62,1,0,3,0,2,0,4,0,0,0,0
1980,49217,1,283,14,4,26,0,0,2,1,0,1,0,0,0,0,0
1981,49253,0,350,12,5,30,0,0,2,1,0,1,0,1,0,0,0
1982,49274,0,160,4,1,4,0,0,0,0,0,0,0,0,0,0,0
1983,49279,1,296,20,1,20,0,0,1,0,0,0,0,0,0,0,0
1984,49291,1,243,34,10,62,4,1,2,0,1,2,0,1,1,1,0
1985,49306,0,233,10,2,18,1,0,0,0,0,0,0,0,0,0,0
1986,49329,1,148,6,4,16,1,0,0,0,0,0,0,0,0,0,0
1987,49359,1,26,6,1,6,0,0,0,0,0,0,0,0,0,0,0
1988,49454,1,373,14,9,56,1,3,1,1,0,2,1,0,0,0,0
1989,49500,1,27,6,1,6,0,0,0,0,0,0,0,0,0,0,0
1990,49505,0,249,22,2,30,2,0,0,0,0,0,0,0,0,0,0
1991,49558,1,284,2,12,50,3,0,4,1,0,0,2,1,0,0,0
1992,49568,1,133,18,1,18,0,0,0,0,0,1,0,0,0,0,0
1993,49681,1,319,10,10,58,0,1,3,2,0,1,1,2,0,1,0
1994,49698,0,134,10,1,10,0,0,0,0,0,0,0,0,0,0,0
1995,49781,1,192,8,1,8,0,0,0,0,0,0,0,0,0,0,0
1996,49801,1,164,12,5,32,0,0,1,0,0,1,2,1,0,1,1
1997,49866,0,294,10,1,10,0,0,0,0,0,0,0,0,0,0,0
1998,49872,0,261,4,2,10,0,0,0,0,0,0,0,0,0,0,0
1999,49914,1,41,32,1,32,0,0,1,0,0,0,0,0,0,0,0
2000,49962,1,308,12,1,12,0,0,0,0,0,0,0,0,0,0,0
